episode,step,x,y,z,action0,action1,action2,reward,exploration_reward,proximity_reward,energy,exploration_norm,proximity_norm,energy_norm,normalized_reward,td_error,action_saturation,rule_override
1,0,0.0,0.0,10.0,-0.24584371139662475,-0.48449791009179455,0.3441839402972422,-50.0,nan,nan,nan,nan,nan,nan,nan,nan,0.0,0
1,1,0.0,0.0,10.0,-0.789605916936984,-0.5320839833385711,0.37790898399130746,-50.0,nan,nan,nan,nan,nan,nan,nan,nan,0.0,0
1,2,0.0,0.0,10.0,0.5701570434649479,0.14226355394367451,-0.1452720623244963,-50.0,nan,nan,nan,nan,nan,nan,nan,nan,0.0,0
1,3,0.2850785170229853,0.07113177579674243,9.927363970037696,0.737586817038927,-0.8714218341142885,0.26536007456071276,-50.0,nan,nan,nan,nan,nan,nan,nan,nan,0.0,0
1,4,0.5997209085101772,0.0,10.0,0.9112242782458528,-0.3803213306719737,-0.3372490323267885,-50.0,nan,nan,nan,nan,nan,nan,nan,nan,0.0,0
1,5,1.0363764691557205,0.0,9.838391416028438,0.5152042429576762,-0.052122992057399564,0.994043389253201,-50.0,nan,nan,nan,nan,nan,nan,nan,nan,0.3333333333333333,0
1,6,1.2662067051532113,0.0,10.0,-0.33525074090931484,-0.05120686527661844,-0.9009440567619418,-50.0,nan,nan,nan,nan,nan,nan,nan,nan,0.0,0
1,7,1.0985813364398256,0.0,9.549527976298478,0.4661451414719686,-0.8518861940923204,0.7767052107844246,-50.0,nan,nan,nan,nan,nan,nan,nan,nan,0.0,0
1,8,1.2860152467767783,0.0,9.861836057804389,-0.4965104118319097,0.3241770411133864,0.9319791458599456,-50.0,nan,nan,nan,nan,nan,nan,nan,nan,0.0,0
1,9,1.0612738259319847,0.14673611487073593,10.0,-0.2816860393641958,0.5644668542705098,-0.4981894164977001,-50.0,nan,nan,nan,nan,nan,nan,nan,nan,0.0,0
1,10,0.9204308080020092,0.42896953849493646,9.75090529484995,0.7787033955237972,-0.48073135757940655,0.16483543037450588,-50.0,nan,nan,nan,nan,nan,nan,nan,nan,0.0,0
1,11,1.3097825015767308,0.1886038622901805,9.833323009150865,-0.5482409108078634,0.5635733382316412,-0.3439498676239072,-50.0,nan,nan,nan,nan,nan,nan,nan,nan,0.0,0
1,12,1.035662049366981,0.47039052812248894,9.661348077342845,0.3224677971836314,0.21117841570983886,-0.2366253221779664,-50.0,nan,nan,nan,nan,nan,nan,nan,nan,0.0,0
1,13,1.1968959443940241,0.5759797336429023,9.543035418869675,-0.33967374693878005,-0.7397731812573063,0.5129804748271103,-50.0,nan,nan,nan,nan,nan,nan,nan,nan,0.0,0
1,14,1.0270590726897588,0.20609314685850227,9.799525653617511,-0.060997601316336025,0.7715403083552552,-0.9211218690070258,-50.0,nan,nan,nan,nan,nan,nan,nan,nan,0.0,0
1,15,1.0017089903439365,0.5267387120586018,9.41671526884895,-0.4528730116139943,0.512674929898175,-0.6074362695196391,-50.0,nan,nan,nan,nan,nan,nan,nan,nan,0.0,0
1,16,0.7752724870121233,0.7830761742056571,9.112997137409081,-0.876745280033034,-0.9635745814462477,0.9202665826933742,-50.0,nan,nan,nan,nan,nan,nan,nan,nan,0.0,0
1,17,0.5004319960974019,0.48101659426967425,9.401480605891889,-0.6000715423211656,0.13659771291168243,-0.510598263502213,-50.0,nan,nan,nan,nan,nan,nan,nan,nan,0.0,0
1,18,0.20039622868886298,0.5493154498714163,9.14618147733338,-0.7732573270537617,-0.869663543623671,0.7118343777418512,-50.0,nan,nan,nan,nan,nan,nan,nan,nan,0.0,0
1,19,0.0,0.230562698401439,9.407086016979486,0.4607205703757855,0.21486336227994385,-0.07315974089082022,-50.0,nan,nan,nan,nan,nan,nan,nan,nan,0.0,0
1,20,0.23036028070266007,0.3379943774496611,9.370506147246305,0.08366993076517826,0.8451786321843149,-0.2964255923261667,-50.0,nan,nan,nan,nan,nan,nan,nan,nan,0.0,0
1,21,0.2721952456201853,0.7605836888440488,9.222293352730848,-0.3692114767185046,-0.8164774261063781,0.8886483100717733,-50.0,nan,nan,nan,nan,nan,nan,nan,nan,0.0,0
1,22,0.12591514540036558,0.43709862066692656,9.57437223449481,-0.5492412667165409,-0.6002429813223082,0.18651301464121728,-50.0,nan,nan,nan,nan,nan,nan,nan,nan,0.0,0
1,23,0.0,0.1369771336012804,9.66762874069819,0.49921484421612083,0.9989321506759121,0.7394729694870186,-50.0,nan,nan,nan,nan,nan,nan,nan,nan,0.3333333333333333,0
1,24,0.18636237420506613,0.5098894566754351,9.943682107000756,0.03274382461770431,0.3054670279972642,0.17032071747440458,-50.0,nan,nan,nan,nan,nan,nan,nan,nan,0.0,0
1,25,0.20273428604784208,0.6626229663260438,10.0,0.37599400004233297,0.3907154758803344,-0.9537131330776378,-50.0,nan,nan,nan,nan,nan,nan,nan,nan,0.0,0
1,26,0.3740945174611998,0.8406925481706904,9.565342789598393,-0.21358372476041843,-0.482606952987106,0.9180964225001771,-50.0,nan,nan,nan,nan,nan,nan,nan,nan,0.0,0
1,27,0.2732499847350126,0.6128274675378567,9.998826215493644,-0.10319901417418076,-0.1289988372361497,-0.6316711093232157,-50.0,nan,nan,nan,nan,nan,nan,nan,nan,0.0,0
1,28,0.2216504784382156,0.548328049907649,9.682990665669344,0.8529423379905736,0.33980717761358936,0.36417891383960566,-50.0,nan,nan,nan,nan,nan,nan,nan,nan,0.0,0
1,29,0.6481216431158022,0.7182316369942976,9.865080120745628,0.5735224325608266,-0.08088223406354622,-0.5112128155828259,-50.0,nan,nan,nan,nan,nan,nan,nan,nan,0.0,0
1,30,0.9348828556842586,0.6777905204860112,9.60947371626289,0.5563820643426616,-0.3426037776158837,-0.6564590499441303,-50.0,nan,nan,nan,nan,nan,nan,nan,nan,0.0,0
1,31,1.2130738848520686,0.5064886335275496,9.281244194834592,0.1007282698450167,0.12231606541026818,0.5814817646480841,-50.0,nan,nan,nan,nan,nan,nan,nan,nan,0.0,0
1,32,1.2634380189389134,0.5676466652179232,9.571985072334536,0.13438126633615055,0.38722665892975616,-0.5579142535580277,-50.0,nan,nan,nan,nan,nan,nan,nan,nan,0.0,0
1,33,1.3306286511364382,0.7612599918861094,9.293027949584982,-0.3143776093770325,-0.7098323736257686,0.32290512057027465,-50.0,nan,nan,nan,nan,nan,nan,nan,nan,0.0,0
1,34,1.1734398483174124,0.4063438092943428,9.454480507949919,0.5231133693866281,0.19836836857679363,0.1934708029128327,-50.0,nan,nan,nan,nan,nan,nan,nan,nan,0.0,0
1,35,1.4349965285923159,0.5055279919072464,9.551215907772209,0.2924916400658977,0.6689166721063853,-0.7417422097389397,-50.0,nan,nan,nan,nan,nan,nan,nan,nan,0.0,0
1,36,1.5755147566142869,0.8268875543124015,9.194869651386439,-0.3684820253822625,-0.1644899611963162,-0.12270526415780703,-50.0,nan,nan,nan,nan,nan,nan,nan,nan,0.0,0
1,37,1.3912737482914053,0.7446425756642251,9.133517020762172,0.8790876368646066,-0.4686463757600019,0.4923479967332889,-50.0,nan,nan,nan,nan,nan,nan,nan,nan,0.0,0
1,38,1.7868210282265176,0.5337741805125509,9.35505000874042,0.22982209601235826,0.9535803166060737,-0.24445270508939054,-50.0,nan,nan,nan,nan,nan,nan,nan,nan,0.0,0
1,39,1.9004946111991114,1.0054298355672504,9.23413989897726,-0.2557552217680472,0.5341148283311226,0.8213419957831136,-50.0,nan,nan,nan,nan,nan,nan,nan,nan,0.0,0
1,40,1.7742041023754787,1.2691727729504043,9.63971401726346,-0.5619013698947977,-0.5814722150294989,0.07358922808342605,-50.0,nan,nan,nan,nan,nan,nan,nan,nan,0.0,0
1,41,1.493253420888288,0.978436669016381,9.676508630852007,0.45844078309225567,0.3486055866192215,-0.4634234636153467,-50.0,nan,nan,nan,nan,nan,nan,nan,nan,0.0,0
1,42,1.7224738093335998,1.1527394599680825,9.444796902178853,-0.1958796349681975,0.46680455773766893,-0.19213071402598603,-50.0,nan,nan,nan,nan,nan,nan,nan,nan,0.0,0
1,43,1.624533993658278,1.3861417345263851,9.34873154694002,0.9742992526676415,-0.170452971132258,-0.18880146329133307,-50.0,nan,nan,nan,nan,nan,nan,nan,nan,0.0,0
1,44,2.1083186837303347,1.3015039421999541,9.254982878701323,-0.055141636474953515,-0.6901259138879499,0.13178387640988465,-50.0,nan,nan,nan,nan,nan,nan,nan,nan,0.0,0
1,45,2.0807478658840686,0.956440990152182,9.320874815971305,-0.18891792956290554,0.7073005408263879,-0.0599767425071418,-50.0,nan,nan,nan,nan,nan,nan,nan,nan,0.0,0
1,46,1.986288902388562,1.310091255750849,9.29088644512599,0.41046245161956163,0.8087979312832294,0.46831570140583256,-50.0,nan,nan,nan,nan,nan,nan,nan,nan,0.0,0
1,47,2.1873459710394076,1.706265231112167,9.520281805788827,-0.3382858286464694,0.04645656674331766,0.5322853254365931,-50.0,nan,nan,nan,nan,nan,nan,nan,nan,0.0,0
1,48,2.0182030593908142,1.7294935141165193,9.786424464298634,-0.3470482070765595,0.5294638696255018,0.529987949707952,-50.0,nan,nan,nan,nan,nan,nan,nan,nan,0.0,0
1,49,1.8446789579542568,1.9942254457228392,10.0,0.7822876374559515,-0.8650237991925098,0.3719676433098573,-50.0,nan,nan,nan,nan,nan,nan,nan,nan,0.0,0
1,50,2.1641956834272777,1.6409160508907044,10.0,0.045147970896945555,-0.3226816764362579,-0.5928660069357614,-50.0,nan,nan,nan,nan,nan,nan,nan,nan,0.0,0
1,51,2.1867696685420626,1.479575215057511,9.703567000913983,-0.22069656641015745,0.6493396990866389,-0.21372307782686017,-50.0,nan,nan,nan,nan,nan,nan,nan,nan,0.0,0
1,52,2.076421386873119,1.8042450600811688,9.596705463488151,-0.33168717988696694,0.8152503499647219,0.013431212546949567,-50.0,nan,nan,nan,nan,nan,nan,nan,nan,0.0,0
1,53,1.9105777988136992,2.211870230432711,9.603421069685334,-0.757836178103013,0.4012510848537587,-0.16200761024516086,-50.0,nan,nan,nan,nan,nan,nan,nan,nan,0.0,0
1,54,1.5316597141042143,2.4124957705606227,9.522417265490976,-0.22569144653865858,-0.37160428880169527,0.15553094029006864,-50.0,nan,nan,nan,nan,nan,nan,nan,nan,0.0,0
1,55,1.4188139932787371,2.2266936301836138,9.600182733951875,0.14434131195134348,0.29954284907121975,0.03894642886974364,-50.0,nan,nan,nan,nan,nan,nan,nan,nan,0.0,0
1,56,1.4909846470986405,2.3764650502454874,9.619655947805073,0.5940091041817503,-0.5432094878814417,0.7676973356079726,-50.0,nan,nan,nan,nan,nan,nan,nan,nan,0.0,0
1,57,1.757995341104329,2.132289091781862,9.964740554966722,0.8412846841570305,-0.6774042947401586,0.12371742595929791,-50.0,nan,nan,nan,nan,nan,nan,nan,nan,0.0,0
1,58,2.1449096653024515,1.8207448192614175,10.0,0.24744256681099763,-0.5614221907538741,-0.13863741650349914,-50.0,nan,nan,nan,nan,nan,nan,nan,nan,0.0,0
1,59,2.2686309467410033,1.5400337283472845,9.930681292850293,0.7334886123503832,-0.6336203843619475,-0.7755613540570134,-50.0,nan,nan,nan,nan,nan,nan,nan,nan,0.0,0
1,60,2.564068347894453,1.2848216411767728,9.618297668865411,0.5321935472753663,-0.14573135098845347,0.5354332509638353,-50.0,nan,nan,nan,nan,nan,nan,nan,nan,0.0,0
1,61,2.8301651180712413,1.211955966630248,9.886014290865365,-0.4125517006378181,0.08491032421693889,-0.12944455901228524,-50.0,nan,nan,nan,nan,nan,nan,nan,nan,0.0,0
1,62,2.623889272433599,1.2544111277752312,9.821292012828042,-0.3133146645578557,0.11224093499954901,0.11079432186551186,-50.0,nan,nan,nan,nan,nan,nan,nan,nan,0.0,0
1,63,2.4672319446207713,1.310531593675083,9.876689172181496,0.9648822097965937,-0.05317723370907035,0.6902391619771544,-50.0,nan,nan,nan,nan,nan,nan,nan,nan,0.0,0
1,64,2.8734838245129555,1.2881419683483502,10.0,0.9777013175760751,0.7768119642660889,0.959953831128129,-50.0,nan,nan,nan,nan,nan,nan,nan,nan,0.0,0
1,65,3.1838512397517844,1.5347378531463716,10.0,-0.2758725578844794,0.40702203222477196,0.018765972570326195,-50.0,nan,nan,nan,nan,nan,nan,nan,nan,0.0,0
1,66,3.0459149636127756,1.738248865122874,10.0,0.21084148899829258,-0.6954184706366995,0.7304892608385916,-50.0,nan,nan,nan,nan,nan,nan,nan,nan,0.0,0
1,67,3.1482278102740957,1.4007904090583823,10.0,-0.055144089107991956,0.2740120608419061,-0.34912570720273606,-50.0,nan,nan,nan,nan,nan,nan,nan,nan,0.0,0
1,68,3.1206557663366103,1.5377964364158812,9.825437150301857,-0.984604316265028,-0.3446519788488007,0.9288848306853394,-50.0,nan,nan,nan,nan,nan,nan,nan,nan,0.3333333333333333,0
1,69,2.7682064417303165,1.4144246868075996,10.0,0.31562495769579324,0.992792412178606,-0.5054677037116897,-50.0,nan,nan,nan,nan,nan,nan,nan,nan,0.3333333333333333,0
1,70,2.9044973451308853,1.8431251791034768,9.781732564871895,0.927197782434978,0.8791807340305096,0.2926369418406296,-50.0,nan,nan,nan,nan,nan,nan,nan,nan,0.0,0
1,71,3.25816394239387,2.1784763463238845,9.893354824345407,-0.9783995759218487,0.545798235374733,-0.8117409638011213,-50.0,nan,nan,nan,nan,nan,nan,nan,nan,0.0,0
1,72,2.9045693084679187,2.3757284016029585,9.599990787808984,0.6410474962715469,0.2528618554635278,-0.6581790254873858,-50.0,nan,nan,nan,nan,nan,nan,nan,nan,0.0,0
1,73,3.2250930532401414,2.5021593280079664,9.27090127851873,0.9621869640080238,-0.2407164190988036,0.4784555924953675,-50.0,nan,nan,nan,nan,nan,nan,nan,nan,0.0,0
1,74,3.6619693959009925,2.3928632008226214,9.488141728861459,0.06236002165129628,0.7359555034914376,0.37972526261920847,-50.0,nan,nan,nan,nan,nan,nan,nan,nan,0.0,0
1,75,3.6931494063511985,2.760840948137479,9.678004357884905,-0.07175979169599223,0.9145203854866961,0.1592576251433626,-50.0,nan,nan,nan,nan,nan,nan,nan,nan,0.0,0
1,76,3.6572695108885713,3.218101135969613,9.75763316960133,-0.02714743931958341,-0.15015894210756775,-0.4837175115721848,-50.0,nan,nan,nan,nan,nan,nan,nan,nan,0.0,0
1,77,3.643695791496392,3.143021666396058,9.515774418583604,0.05014045560050828,-0.44154511508010597,0.1043642910044067,-50.0,nan,nan,nan,nan,nan,nan,nan,nan,0.0,0
1,78,3.668766018747431,2.9222491136924864,9.56795656294265,0.9453073380984403,-0.688048598438664,-0.9154258331075424,-50.0,nan,nan,nan,nan,nan,nan,nan,nan,0.0,0
1,79,3.9870660173859624,2.6905722197134154,9.2597181417558,0.5680743497761862,-0.1639788501148003,-0.9828213570117554,-50.0,nan,nan,nan,nan,nan,nan,nan,nan,0.3333333333333333,0
1,80,4.234707798718975,2.619088593389912,8.831274872528082,-0.4608846668046065,-0.9028164578999975,-0.4945488299035621,-50.0,nan,nan,nan,nan,nan,nan,nan,nan,0.0,0
1,81,4.0303898017953745,2.218854731094835,8.612032980608852,-0.4342845571036966,0.19811302618394322,-0.9500665069485046,-47.724964296611624,nan,nan,nan,nan,nan,nan,nan,nan,0.0,0
1,82,3.8261627406869687,2.31201954767195,8.165253818426274,0.2929672961243859,0.44432956721186967,-0.9964315264767425,-42.24619585980343,nan,nan,nan,nan,nan,nan,nan,nan,0.3333333333333333,0
1,83,3.955833166651768,2.5086845168043945,7.724222678799903,0.3895885107125687,-0.020810907728617156,-0.2923164033048369,-41.235788681660786,nan,nan,nan,nan,nan,nan,nan,nan,0.0,0
1,84,4.150627418012315,2.4982790631535288,7.57806448014557,-0.8721691029347853,-0.9640573083785884,-0.9958602669241268,-41.55282658164211,nan,nan,nan,nan,nan,nan,nan,nan,0.3333333333333333,0
1,85,3.884336941510251,2.2039333002050485,7.274008644968241,0.9962249713848863,-0.2718473119404867,0.29266668868509926,-38.90029711670685,nan,nan,nan,nan,nan,nan,nan,nan,0.3333333333333333,0
1,86,4.348422028819707,2.0772949533250644,7.4103455665193865,-0.09158621396980515,-0.9207947163399592,-0.15784934858847266,-46.036762156502235,nan,nan,nan,nan,nan,nan,nan,nan,0.0,0
1,87,4.302628922322637,1.616897600059685,7.331420893065933,-0.915438147940892,-0.6654081606904234,0.9061451798682236,-50.0,nan,nan,nan,nan,nan,nan,nan,nan,0.0,0
1,88,3.9869151037776236,1.3874134434565106,7.643929778058157,-0.9924614926035484,-0.04605543885264263,-0.028147445258630777,-50.0,nan,nan,nan,nan,nan,nan,nan,nan,0.3333333333333333,0
1,89,3.490684362468471,1.3643857242618733,7.629856055570439,0.3947369085120269,-0.2062090870399076,0.918104768075086,-50.0,nan,nan,nan,nan,nan,nan,nan,nan,0.0,0
1,90,3.6841033132337078,1.2633443866178637,8.079722427587773,-0.539596722475723,-0.02306264633718147,0.08389790693975296,-50.0,nan,nan,nan,nan,nan,nan,nan,nan,0.0,0
1,91,3.414304956932083,1.2518130636602502,8.12167138029015,-0.9810369563990504,0.4942895089616226,0.48666071866396976,-50.0,nan,nan,nan,nan,nan,nan,nan,nan,0.3333333333333333,0
1,92,3.0060487542115566,1.4575104705285618,8.324194084168981,-0.6220417908721627,-0.37944465355466916,-0.6806227340824855,-50.0,nan,nan,nan,nan,nan,nan,nan,nan,0.0,0
1,93,2.6950278618948036,1.2677881456540132,7.98388272054083,-0.08729397627245583,0.17226218501764756,0.5141845245056109,-50.0,nan,nan,nan,nan,nan,nan,nan,nan,0.0,0
1,94,2.651380874553235,1.3539192365946908,8.240974978112884,-0.12884365851184887,0.779168919063693,-0.05108311792137066,-50.0,nan,nan,nan,nan,nan,nan,nan,nan,0.0,0
1,95,2.5869590461113336,1.743503691203814,8.215433419474937,0.7959820729281577,0.5168706118682564,-0.7309248811772202,-49.70019867885627,nan,nan,nan,nan,nan,nan,nan,nan,0.0,0
1,96,2.91919625085091,1.9592417751878275,7.9103506196782085,-0.7229440216977243,0.34976085855549766,0.3271236316728452,-50.0,nan,nan,nan,nan,nan,nan,nan,nan,0.0,0
1,97,2.5577242441704393,2.1341222024489057,8.073912433628482,-0.7308340685491146,-0.07465899708564128,-0.7789895928328305,-46.086910573749215,nan,nan,nan,nan,nan,nan,nan,nan,0.0,0
1,98,2.216453939872147,2.0992594343453277,7.710155423888867,0.030864220211766602,0.5290190253117875,-0.8725416627844755,-37.44927716626257,nan,nan,nan,nan,nan,nan,nan,nan,0.0,0
1,99,2.231570804267834,2.3583655712736884,7.282796692471053,0.007186507077364679,-0.45915854034437165,0.15295862959319106,-43.78090655247315,nan,nan,nan,nan,nan,nan,nan,nan,0.0,0
2,0,0.0,0.0,10.0,-0.7789068666949241,-0.5417037573460115,0.3171896937778904,-50.0,nan,nan,nan,nan,nan,nan,nan,nan,0.0,0
2,1,0.0,0.0,10.0,-0.6932850519825675,0.016183624327082757,-0.6715027430676308,-50.0,nan,nan,nan,nan,nan,nan,nan,nan,0.0,0
2,2,0.0,0.00809181207971527,9.664248631944359,0.3975690699451049,-0.7047846317529374,-0.9056994338229054,-50.0,nan,nan,nan,nan,nan,nan,nan,nan,0.0,0
2,3,0.16367248848789556,0.0,9.291387432816515,-0.14798626177738883,0.5351327960350674,0.5248151558416934,-50.0,nan,nan,nan,nan,nan,nan,nan,nan,0.0,0
2,4,0.08967935856769596,0.2675663945153617,9.553795007302714,-0.3281686211869108,-0.01936761633924111,0.07194814203550948,-50.0,nan,nan,nan,nan,nan,nan,nan,nan,0.0,0
2,5,0.0,0.2578825866335036,9.58976907725147,-0.9416994718474458,0.8733096671301837,0.8416673752189745,-50.0,nan,nan,nan,nan,nan,nan,nan,nan,0.0,0
2,6,0.0,0.5422489274889655,9.863832082296348,0.6146133371019713,-0.43080811979449396,-0.0566551348472728,-50.0,nan,nan,nan,nan,nan,nan,nan,nan,0.0,0
2,7,0.30730666446825294,0.3268448704534761,9.835504515249058,0.32548766405573737,-0.6427836990917026,-0.10430479944239202,-50.0,nan,nan,nan,nan,nan,nan,nan,nan,0.0,0
2,8,0.4700504942606476,0.005453025322312177,9.783352116244235,0.009218843662452958,-0.17135991122675276,-0.9599921759072532,-50.0,nan,nan,nan,nan,nan,nan,nan,nan,0.0,0
2,9,0.4746599160446081,0.0,9.303356033212586,-0.44086408420907097,-0.6304438823169329,-0.8383007204248605,-50.0,nan,nan,nan,nan,nan,nan,nan,nan,0.0,0
2,10,0.2809230971878187,0.0,8.934966498574406,-0.8871769485783105,-0.052339715883706894,-0.7166315677764916,-50.0,nan,nan,nan,nan,nan,nan,nan,nan,0.0,0
2,11,0.0,0.0,8.621110901357635,-0.9557034167418321,0.4210866695312978,-0.6706540112729835,-50.0,nan,nan,nan,nan,nan,nan,nan,nan,0.0,0
2,12,0.0,0.16963533009017395,8.350937032625996,-0.7804056541236677,0.5899157789956819,-0.822465149377148,-50.0,nan,nan,nan,nan,nan,nan,nan,nan,0.0,0
2,13,0.0,0.40041777302865844,8.02917836272201,0.03605601138162218,-0.682373012670354,-0.8339316600291486,-50.0,nan,nan,nan,nan,nan,nan,nan,nan,0.0,0
2,14,0.016721473935086602,0.08395785114196608,7.642431022057244,-0.8583262994149385,-0.5639758880484576,-0.696992735122459,-50.0,nan,nan,nan,nan,nan,nan,nan,nan,0.0,0
2,15,0.0,0.0,7.36165858361917,0.7094365767723063,0.9052365462781027,-0.20410518621721496,-50.0,nan,nan,nan,nan,nan,nan,nan,nan,0.0,0
2,16,0.30367619523369455,0.38748888788751196,7.274290821077373,0.5380664014932339,-0.28019534834938997,-0.9105766630898562,-50.0,nan,nan,nan,nan,nan,nan,nan,nan,0.0,0
2,17,0.5495584014735015,0.2594469766306806,6.858181214066665,-0.6264599708720353,-0.12025809862531056,-0.2551772429433976,-50.0,nan,nan,nan,nan,nan,nan,nan,nan,0.0,0
2,18,0.23632842059657994,0.1993179281932101,6.730592594452032,0.405006708894168,-0.14458084155993567,0.23720940644601773,-50.0,nan,nan,nan,nan,nan,nan,nan,nan,0.0,0
2,19,0.43883177092039716,0.1270275088851818,6.849197295260074,-0.2921148615458804,-0.21879879211491038,-0.9136838990124239,-50.0,nan,nan,nan,nan,nan,nan,nan,nan,0.0,0
2,20,0.2927743416319596,0.017628113939643295,6.392355350397126,0.9157391610946743,-0.5663961741828556,-0.21077338361757603,-50.0,nan,nan,nan,nan,nan,nan,nan,nan,0.0,0
2,21,0.7100885087084665,0.0,6.296303196286866,-0.603168378383669,-0.7021223020219791,-0.9190890014030957,-50.0,nan,nan,nan,nan,nan,nan,nan,nan,0.0,0
2,22,0.47888681809792566,0.0,5.944005332935045,-0.36868975672368354,0.9910949185109708,-0.7487309671987039,-50.0,nan,nan,nan,nan,nan,nan,nan,nan,0.3333333333333333,0
2,23,0.33661080771020935,0.3824598550671416,5.65507282823678,0.11413494892701981,-0.5489485046950922,-0.8164121224299983,-50.0,nan,nan,nan,nan,nan,nan,nan,nan,0.0,0
2,24,0.3936782815975152,0.10798560549093189,5.2468667711433925,0.11847339868153717,0.03961795701542026,-0.5294673574115243,-50.0,nan,nan,nan,nan,nan,nan,nan,nan,0.0,0
2,25,0.4529149798493835,0.1277945836345096,5.0,-0.17895106519230386,0.5703637763824743,0.6615712900547677,-50.0,nan,nan,nan,nan,nan,nan,nan,nan,0.0,0
2,26,0.3634394482567299,0.4129764686273355,5.330785641317511,-0.8047450862136469,-0.4543588938970622,0.9510357863854952,-50.0,nan,nan,nan,nan,nan,nan,nan,nan,0.0,0
2,27,0.06001262401868146,0.2416617522018448,5.689370954037364,-0.1636714705821225,-0.912102686460047,-0.6715026274957281,-50.0,nan,nan,nan,nan,nan,nan,nan,nan,0.0,0
2,28,0.0,0.0,5.3959828453721075,-0.6532369756515084,-0.49412323062580765,0.2051264022990893,-50.0,nan,nan,nan,nan,nan,nan,nan,nan,0.0,0
2,29,0.0,0.0,5.498546045306974,-0.2215872620346513,-0.5952588170331283,0.13981334343111707,-50.0,nan,nan,nan,nan,nan,nan,nan,nan,0.0,0
2,30,0.0,0.0,5.568452715947658,0.45958669991415,-0.93658176167564,-0.3092547530210765,-50.0,nan,nan,nan,nan,nan,nan,nan,nan,0.0,0
2,31,0.2111803776869069,0.0,5.42634996241571,0.19927381642756936,0.6532313850683245,-0.0675227083834471,-50.0,nan,nan,nan,nan,nan,nan,nan,nan,0.0,0
2,32,0.3108172844488517,0.326615687774945,5.392588608715934,-0.8869165579435603,0.03587524536032749,0.7954175083569126,-50.0,nan,nan,nan,nan,nan,nan,nan,nan,0.0,0
2,33,0.0,0.34166544277752353,5.726268239483586,-0.4658059448629164,0.022316556802904453,-0.49089056931843,-50.0,nan,nan,nan,nan,nan,nan,nan,nan,0.0,0
2,34,0.0,0.35282372101417747,5.48082295844939,0.515409292426706,-0.49668739219432223,-0.2725599881350931,-50.0,nan,nan,nan,nan,nan,nan,nan,nan,0.0,0
2,35,0.2577046428487129,0.10448002815943808,5.34454296616114,-0.36825685293958976,0.4931987896801773,0.16326927627136767,-50.0,nan,nan,nan,nan,nan,nan,nan,nan,0.0,0
2,36,0.07357621927037925,0.35107941912705254,5.4261776030148745,0.6265044004889817,0.5151633094162251,-0.945747345538458,-50.0,nan,nan,nan,nan,nan,nan,nan,nan,0.0,0
2,37,0.32499680662642283,0.5578180497521832,5.046642594290096,0.2687913426449895,0.09527330492546371,-0.2549568734061558,-50.0,nan,nan,nan,nan,nan,nan,nan,nan,0.0,0
2,38,0.45939247443557607,0.6054547009696083,5.0,0.8093489884450575,-0.10075675482078816,0.8751549549166737,-50.0,nan,nan,nan,nan,nan,nan,nan,nan,0.0,0
2,39,0.7976689235047277,0.5633422899737167,5.365780787720825,-0.3108424266834844,0.3392302275748027,0.16191376275811842,-50.0,nan,nan,nan,nan,nan,nan,nan,nan,0.0,0
2,40,0.6422477133493706,0.7329574002837352,5.4467376674401375,-0.5944540010970636,-0.9282147907107696,0.9256532020813129,-50.0,nan,nan,nan,nan,nan,nan,nan,nan,0.0,0
2,41,0.4357500371794905,0.4105200091406843,5.76828523010477,-0.210612077352609,-0.3054063451423592,-0.6280783741263993,-50.0,nan,nan,nan,nan,nan,nan,nan,nan,0.0,0
2,42,0.33044399994680096,0.25781683866287547,5.454246047346657,0.5459185906214201,0.23955551948914322,-0.46239448897251045,-50.0,nan,nan,nan,nan,nan,nan,nan,nan,0.0,0
2,43,0.6034032916396089,0.37759459681986896,5.223048805924774,0.058258877625265715,0.7564633800126201,-0.46050677645890414,-50.0,nan,nan,nan,nan,nan,nan,nan,nan,0.0,0
2,44,0.6325327301240313,0.755826282564525,5.0,0.6339062182464188,0.2733618231609487,-0.9693446447812979,-50.0,nan,nan,nan,nan,nan,nan,nan,nan,0.0,0
2,45,0.8988711497900987,0.8706804264142701,5.0,0.3135065233696932,-0.9331988334057855,0.5236574781158629,-50.0,nan,nan,nan,nan,nan,nan,nan,nan,0.0,0
2,46,1.0394491999647173,0.4522289345111322,5.23481089465586,0.757636697410168,0.9339718196627798,0.1365353039793793,-50.0,nan,nan,nan,nan,nan,nan,nan,nan,0.0,0
2,47,1.3524304531108482,0.8380545835596176,5.291213905075272,-0.6219468817984692,-0.12897334901715407,0.685339093867789,-50.0,nan,nan,nan,nan,nan,nan,nan,nan,0.0,0
2,48,1.0414570155395952,0.7735679097411653,5.633883448341979,0.11836776432267437,-0.46149782775774817,-0.16526128340180213,-50.0,nan,nan,nan,nan,nan,nan,nan,nan,0.0,0
2,49,1.1006408965273107,0.5428190004380632,5.551252808279651,-0.7751754564669415,0.023124958790013084,-0.2483883547791923,-50.0,nan,nan,nan,nan,nan,nan,nan,nan,0.0,0
2,50,0.7130531730534476,0.5543814796910815,5.427058632415169,-0.6869488518069433,0.033418160764969285,-0.696265386014316,-50.0,nan,nan,nan,nan,nan,nan,nan,nan,0.0,0
2,51,0.369578750659569,0.5710905599028342,5.078925942965202,0.9591597681422424,0.9199841622490199,-0.9068127135962958,-50.0,nan,nan,nan,nan,nan,nan,nan,nan,0.0,0
2,52,0.667651868417865,0.8569892773406494,5.0,-0.1824492194835492,0.2594934244844853,0.6862479432868738,-50.0,nan,nan,nan,nan,nan,nan,nan,nan,0.0,0
2,53,0.5764272598827389,0.986735987866703,5.343123967104859,0.23402805700755747,0.16572695938570492,-0.3995314890968533,-50.0,nan,nan,nan,nan,nan,nan,nan,nan,0.0,0
2,54,0.6934412860071808,1.0695994658746282,5.143358226618424,0.460236487334021,-0.49116670334512147,-0.3829405054762214,-50.0,nan,nan,nan,nan,nan,nan,nan,nan,0.0,0
2,55,0.923559526702649,0.8240161173733125,5.0,-0.39240406408235673,0.8311878917391624,0.7370566548324429,-50.0,nan,nan,nan,nan,nan,nan,nan,nan,0.0,0
2,56,0.7570296882973252,1.1767586039208875,5.312794735986869,0.2684434116383301,0.208703682036113,0.542281114784414,-50.0,nan,nan,nan,nan,nan,nan,nan,nan,0.0,0
2,57,0.8912513920195011,1.2811104433086213,5.58393528914296,-0.8748960854469234,-0.8402201799200009,0.036806071810916,-50.0,nan,nan,nan,nan,nan,nan,nan,nan,0.0,0
2,58,0.5307895196624139,0.9349352297214462,5.599099587829123,-0.039564486467063675,0.39405310346598776,-0.3083214604926767,-50.0,nan,nan,nan,nan,nan,nan,nan,nan,0.0,0
2,59,0.5110072768230278,1.1319617775288398,5.444938860654317,0.31441905853169394,0.09428184585460819,-0.702080398704009,-50.0,nan,nan,nan,nan,nan,nan,nan,nan,0.0,0
2,60,0.6682168040604328,1.1791026998478942,5.093898665831712,0.5618965286726161,-0.8376419373190738,-0.9128466194589835,-50.0,nan,nan,nan,nan,nan,nan,nan,nan,0.0,0
2,61,0.874737201390236,0.8712343702038213,5.0,-0.49389383522357067,-0.583078940758704,-0.24105969242851888,-50.0,nan,nan,nan,nan,nan,nan,nan,nan,0.0,0
2,62,0.6277902868604226,0.5796949034629697,5.0,0.30612333804182357,0.07516426708275925,-0.4713352833426454,-50.0,nan,nan,nan,nan,nan,nan,nan,nan,0.0,0
2,63,0.7808519531819563,0.6172770363415552,5.0,0.6427152960594731,-0.03918671907592075,0.5868691719523733,-50.0,nan,nan,nan,nan,nan,nan,nan,nan,0.0,0
2,64,1.1022095975231228,0.597683677028489,5.2934345826081195,0.7142435448440236,0.06368630848831947,-0.8603147724516158,-50.0,nan,nan,nan,nan,nan,nan,nan,nan,0.0,0
2,65,1.421075781499763,0.6261157298007185,5.0,-0.08909505352416813,-0.17016050112177594,-0.7423271630615929,-50.0,nan,nan,nan,nan,nan,nan,nan,nan,0.0,0
2,66,1.3765282553186524,0.5410354803494178,5.0,0.9446835737365036,0.736498678104142,-0.03568501397489676,-50.0,nan,nan,nan,nan,nan,nan,nan,nan,0.0,0
2,67,1.7706762939553555,0.8483230393836996,5.0,-0.5875210913994098,-0.23039390822545602,-0.8907814004684524,-50.0,nan,nan,nan,nan,nan,nan,nan,nan,0.0,0
2,68,1.5015846738934275,0.7427999000030912,5.0,-0.9898551864099072,-0.7107983075321609,0.054266225602860985,-50.0,nan,nan,nan,nan,nan,nan,nan,nan,0.3333333333333333,0
2,69,1.0958507558014097,0.45144921937052845,5.022243302491317,0.3349419624821113,0.3450395643996529,0.605923246265438,-50.0,nan,nan,nan,nan,nan,nan,nan,nan,0.0,0
2,70,1.263321734877502,0.6239689993401238,5.325204921707532,-0.03288160397734141,-0.5470328093269203,0.22741557214371477,-50.0,nan,nan,nan,nan,nan,nan,nan,nan,0.0,0
2,71,1.2468809331659239,0.35045259928649397,5.438912705862965,0.9647081954385774,-0.8005019103725921,-0.5517351986142924,-50.0,nan,nan,nan,nan,nan,nan,nan,nan,0.0,0
2,72,1.599060209540879,0.0582189633903859,5.237494594233638,-0.3883770734975722,-0.1513779254896468,-0.5273789002411837,-50.0,nan,nan,nan,nan,nan,nan,nan,nan,0.0,0
2,73,1.404871675680855,0.0,5.0,-0.5415168305681024,-0.20274898693486132,-0.6474178289822452,-50.0,nan,nan,nan,nan,nan,nan,nan,nan,0.0,0
2,74,1.1341132635159883,0.0,5.0,-0.86849477997748,-0.11866960506028335,-0.17107057884922905,-50.0,nan,nan,nan,nan,nan,nan,nan,nan,0.0,0
2,75,0.6998658783894868,0.0,5.0,-0.676712651335462,0.5440365986394338,0.9001107467948914,-50.0,nan,nan,nan,nan,nan,nan,nan,nan,0.0,0
2,76,0.4293206181087587,0.21750224839255125,5.3598583472505315,0.4187627130632978,-0.5861712411502176,0.4565319996094457,-50.0,nan,nan,nan,nan,nan,nan,nan,nan,0.0,0
2,77,0.6387019721853753,0.0,5.588124344378796,-0.2404167449097685,-0.9526456437250401,0.13278107411045248,-50.0,nan,nan,nan,nan,nan,nan,nan,nan,0.0,0
2,78,0.5184936009429464,0.0,5.654514880764389,0.9275576736866658,-0.10958289614973404,-0.04831192593885136,-50.0,nan,nan,nan,nan,nan,nan,nan,nan,0.0,0
2,79,0.982272432827441,0.0,5.630358918053245,0.5092754001966657,0.06555907106335068,0.27543418422361543,-50.0,nan,nan,nan,nan,nan,nan,nan,nan,0.0,0
2,80,1.2369101285557096,0.032779534969116536,5.768076007801567,-0.08263635228480215,0.7403132689917298,0.6632544628928605,-50.0,nan,nan,nan,nan,nan,nan,nan,nan,0.0,0
2,81,1.195591952827569,0.40293616575375146,6.099703235923068,0.8814332000842524,0.7572059508733233,-0.0004803911178845599,-50.0,nan,nan,nan,nan,nan,nan,nan,nan,0.0,0
2,82,1.5748602939533702,0.7287512642216326,6.0994965303640365,0.14143806936521752,-0.9339425673879578,0.2964103780104368,-50.0,nan,nan,nan,nan,nan,nan,nan,nan,0.0,0
2,83,1.64557932792165,0.26177998524450513,6.247701717872243,0.23920237591786697,0.7759938623586922,-0.6488642273054677,-50.0,nan,nan,nan,nan,nan,nan,nan,nan,0.0,0
2,84,1.7606438360254788,0.6350595219601095,5.935575875248044,0.04083680828946479,0.8495326547937858,0.4475912061414833,-46.60070236783203,nan,nan,nan,nan,nan,nan,nan,nan,0.0,0
2,85,1.7810622399577627,1.0598258449374127,6.159371475990247,0.9411334077406304,-0.3120918258239025,-0.6776502804590481,-50.0,nan,nan,nan,nan,nan,nan,nan,nan,0.0,0
2,86,2.1728824830608873,0.9298932614598108,5.877246651343135,0.8070391391279588,-0.6212341452461321,-0.047810637200983885,-50.0,nan,nan,nan,nan,nan,nan,nan,nan,0.0,0
2,87,2.5686554314188506,0.6252393018632889,5.853800258311501,0.6395825904402996,0.4676374936661818,0.015350764485101864,-50.0,nan,nan,nan,nan,nan,nan,nan,nan,0.0,0
2,88,2.8884467226035544,0.8590580457458215,5.861475640457196,0.5491672482977015,-0.19190327366580773,-0.9126086517373162,-50.0,nan,nan,nan,nan,nan,nan,nan,nan,0.0,0
2,89,3.1421621320219026,0.7703986841437476,5.439850209530657,-0.5433346368937209,-0.601621718072322,-0.41502539572595576,-50.0,nan,nan,nan,nan,nan,nan,nan,nan,0.0,0
2,90,2.8704948165580437,0.4695878284105942,5.2323375139462405,-0.7342865207225,0.2292283021416579,0.5765744677798097,-50.0,nan,nan,nan,nan,nan,nan,nan,nan,0.0,0
2,91,2.503351560015901,0.5842019782891807,5.520624744837316,-0.08398569685481871,-0.4906177636562379,-0.20931440903507825,-50.0,nan,nan,nan,nan,nan,nan,nan,nan,0.0,0
2,92,2.4613587123661747,0.33889310100403763,5.415967542257967,-0.8345374016980409,0.42803771306249816,0.7276304021213711,-50.0,nan,nan,nan,nan,nan,nan,nan,nan,0.0,0
2,93,2.109844739537827,0.5191860833590696,5.722451413298317,-0.6321125542113175,0.46404230079644715,-0.15274610074387152,-50.0,nan,nan,nan,nan,nan,nan,nan,nan,0.0,0
2,94,1.793788466388337,0.7512072308530165,5.646078363882365,0.6941561358628354,0.9341666554382679,0.6817137744607593,-50.0,nan,nan,nan,nan,nan,nan,nan,nan,0.0,0
2,95,2.0511126054577256,1.0975034284068794,5.898790111343633,-0.9202034185956758,-0.47429707380404396,0.1407880031306894,-50.0,nan,nan,nan,nan,nan,nan,nan,nan,0.0,0
2,96,1.6107287720498384,0.8705180039724326,5.966167344750518,0.21956868846467836,0.7609751765380366,-0.38561646145816475,-50.0,nan,nan,nan,nan,nan,nan,nan,nan,0.0,0
2,97,1.72051311503591,1.2510055879221706,5.773359116210187,0.702316128309717,-0.5047659437998269,-0.8466868342615241,-50.0,nan,nan,nan,nan,nan,nan,nan,nan,0.0,0
2,98,2.010645628481558,1.042482664877713,5.423585888138591,0.8401333994861262,0.580709844931093,-0.6027989414373061,-50.0,nan,nan,nan,nan,nan,nan,nan,nan,0.0,0
2,99,2.364856238115984,1.287317102265358,5.169438415053848,0.9484226137996017,0.6670546401062121,0.7099971134647938,-50.0,nan,nan,nan,nan,nan,nan,nan,nan,0.0,0
3,0,0.0,0.0,10.0,0.8470999917243858,-0.4236445454285911,-0.9449647821665863,-50.0,nan,nan,nan,nan,nan,nan,nan,nan,0.0,0
3,1,0.31657510792900784,0.0,9.646851220840489,0.4311307303568477,0.12142372743041063,-0.5885558780632909,-50.0,nan,nan,nan,nan,nan,nan,nan,nan,0.0,0
3,2,0.5321404701928302,0.06071186289433649,9.352573285787697,0.25509848851700867,0.47576077887318835,-0.9365402693609379,-50.0,nan,nan,nan,nan,nan,nan,nan,nan,0.0,0
3,3,0.650133872242934,0.2807705280302991,8.919385409288578,-0.6408983839111027,-0.5221010197542348,0.32160404598705705,-50.0,nan,nan,nan,nan,nan,nan,nan,nan,0.0,0
3,4,0.3296846839001122,0.01972002109625326,9.080187430469232,0.4918720803328469,-0.7957774424074284,-0.9345581919501476,-50.0,nan,nan,nan,nan,nan,nan,nan,nan,0.0,0
3,5,0.5156693215853914,0.0,8.726816150261502,-0.729421650528725,0.6579241588110918,-0.6172624623625131,-50.0,nan,nan,nan,nan,nan,nan,nan,nan,0.0,0
3,6,0.2013023473126893,0.2835529038059593,8.46078767073342,-0.12507582433312603,-0.3188645802754475,-0.9356375574411946,-50.0,nan,nan,nan,nan,nan,nan,nan,nan,0.0,0
3,7,0.13876443577378916,0.12412061526838061,7.992968896708095,0.14190495956467575,0.4561281191175719,-0.44518412092591064,-50.0,nan,nan,nan,nan,nan,nan,nan,nan,0.0,0
3,8,0.20971691446952684,0.3521846713344845,7.770376839654021,0.3197817584609113,-0.6130326738151626,-0.42559448501365593,-50.0,nan,nan,nan,nan,nan,nan,nan,nan,0.0,0
3,9,0.3696077917306681,0.04566833820214694,7.557579599768134,0.9567073571384799,0.9980488618975623,-0.45053763633111643,-50.0,nan,nan,nan,nan,nan,nan,nan,nan,0.3333333333333333,0
3,10,0.698579191283863,0.38885534149116835,7.402658666350684,-0.9885071011683335,0.7305265617849599,-0.7867453290816369,-50.0,nan,nan,nan,nan,nan,nan,nan,nan,0.3333333333333333,0
3,11,0.3599050332731127,0.6391423327779189,7.13311046423793,-0.7645802521806742,-0.3855418641251005,0.744897275132417,-50.0,nan,nan,nan,nan,nan,nan,nan,nan,0.0,0
3,12,0.023068864920120002,0.4692916939716195,7.461275288344448,0.15449911137524008,-0.19481072624995055,0.065803691552486,-50.0,nan,nan,nan,nan,nan,nan,nan,nan,0.0,0
3,13,0.10031841760424642,0.3718863346338037,7.494177132841455,-0.3860264822617152,0.251796271590329,-0.9583088428425686,-50.0,nan,nan,nan,nan,nan,nan,nan,nan,0.0,0
3,14,0.0,0.49028081516004857,7.043580795908202,0.4193357966986673,-0.03440697320645225,0.09458669022920252,-50.0,nan,nan,nan,nan,nan,nan,nan,nan,0.0,0
3,15,0.20966789348742276,0.47307732895574767,7.090874139926135,-0.19798356906161985,-0.3532211962430427,-0.8472962234529209,-50.0,nan,nan,nan,nan,nan,nan,nan,nan,0.0,0
3,16,0.11067611001074723,0.29646673271490065,6.667226032710978,0.9830950692502542,0.17964806361777397,0.14343248961861654,-50.0,nan,nan,nan,nan,nan,nan,nan,nan,0.3333333333333333,0
3,17,0.5975424744546304,0.3854353404810579,6.738259299938132,0.55923266964097,-0.14223946342409532,-0.5828498826131991,-50.0,nan,nan,nan,nan,nan,nan,nan,nan,0.0,0
3,18,0.8771588058658881,0.3143156096361388,6.446834362184736,0.40481692594992214,-0.7473564290414654,-0.38513481271398553,-50.0,nan,nan,nan,nan,nan,nan,nan,nan,0.0,0
3,19,1.079567266671734,0.0,6.254266957891397,-0.7550756533111949,-0.32679561802268275,-0.4218356053957142,-50.0,nan,nan,nan,nan,nan,nan,nan,nan,0.0,0
3,20,0.7020294440994048,0.0,6.043349157474726,0.6458355141044958,-0.8550334970541664,0.4976659388239444,-50.0,nan,nan,nan,nan,nan,nan,nan,nan,0.0,0
3,21,0.9753494562306535,0.0,6.253963249555548,-0.47260354217263023,0.12846760311168026,-0.552126566203788,-50.0,nan,nan,nan,nan,nan,nan,nan,nan,0.0,0
3,22,0.7390476883460896,0.06423380068550959,5.977899970194151,-0.557505566696245,0.7851871187765473,-0.6609648481507147,-50.0,nan,nan,nan,nan,nan,nan,nan,nan,0.0,0
3,23,0.5003878933945336,0.40036066283738836,5.694950804207108,-0.11182545554543077,0.7568956079425515,0.09705668014618918,-50.0,nan,nan,nan,nan,nan,nan,nan,nan,0.0,0
3,24,0.44447516634678713,0.7788084619016794,5.743479143650981,0.30150565864747825,0.6494921890071339,-0.6272178050001913,-50.0,nan,nan,nan,nan,nan,nan,nan,nan,0.0,0
3,25,0.5952279940868518,1.1035545529937543,5.42987024444538,0.25430405730033745,0.5914469132784401,-0.680107216616775,-50.0,nan,nan,nan,nan,nan,nan,nan,nan,0.0,0
3,26,0.722380021379279,1.3992780064752108,5.0898166397681175,-0.701751529319161,0.37543597843839227,0.3035032899201877,-50.0,nan,nan,nan,nan,nan,nan,nan,nan,0.0,0
3,27,0.37150426083904375,1.5869959934905637,5.24156828294662,0.3884745556994935,-0.9881321968416794,-0.6506140270968013,-50.0,nan,nan,nan,nan,nan,nan,nan,nan,0.3333333333333333,0
3,28,0.5274883864145263,1.1902314321673755,5.0,0.5113454217748865,-0.06842712259084993,-0.7684674510436134,-50.0,nan,nan,nan,nan,nan,nan,nan,nan,0.0,0
3,29,0.7831610945396728,1.156017871241595,5.0,-0.6210383613892652,0.1618703705686051,-0.8496241052080602,-50.0,nan,nan,nan,nan,nan,nan,nan,nan,0.0,0
3,30,0.49153294917021034,1.2320292078900912,5.0,-0.460135318163031,0.46327763980341863,-0.5015330230061663,-50.0,nan,nan,nan,nan,nan,nan,nan,nan,0.0,0
3,31,0.2614652928830218,1.4636680249783907,5.0,0.8530788164039209,-0.5165399727377811,0.6033988576967044,-50.0,nan,nan,nan,nan,nan,nan,nan,nan,0.0,0
3,32,0.6274018608157419,1.2420931116303775,5.258833888304533,0.26373475785445444,0.5278400016719422,0.91370155518061,-50.0,nan,nan,nan,nan,nan,nan,nan,nan,0.0,0
3,33,0.748640493247012,1.484740688558944,5.678861676456579,0.12483642659823158,-0.7023487930759245,-0.07475371268996733,-50.0,nan,nan,nan,nan,nan,nan,nan,nan,0.0,0
3,34,0.8110587056759,1.1335662969170164,5.6414848206327,0.4007134763004856,0.5611928862720605,0.8354529317292989,-50.0,nan,nan,nan,nan,nan,nan,nan,nan,0.0,0
3,35,0.9960129014527459,1.3925917230504328,6.027098318147141,-0.1692338747097908,0.748669634060193,0.4977500534339139,-42.34911395459738,nan,nan,nan,nan,nan,nan,nan,nan,0.0,0
3,36,0.9113959650228045,1.7669265359886477,6.275973342143627,-0.15878832187698744,0.32850526148345316,0.42004252065800185,-46.38076533471461,nan,nan,nan,nan,nan,nan,nan,nan,0.0,0
3,37,0.8320018055112732,1.9311791637782387,6.485994598697886,-0.7712205642409349,0.2701328605525881,-0.5770826495231105,-50.0,nan,nan,nan,nan,nan,nan,nan,nan,0.0,0
3,38,0.44654130841509976,2.066193129352531,6.197565353855729,0.3928842227851179,0.9147557356766944,-0.41957764406041,-36.378263455723264,nan,nan,nan,nan,nan,nan,nan,nan,0.0,0
3,39,0.6283712493519074,2.489549354274475,6.003381485394216,-0.022212374606614516,0.731541180675584,0.36744538107266633,-26.50062700374155,nan,nan,nan,nan,nan,nan,nan,nan,0.0,0
3,40,0.6172650621842168,2.8553199401458738,6.187104173687127,-0.3600951654860127,0.8671596582727656,-0.6050684853861747,-26.50116838555082,nan,nan,nan,nan,nan,nan,nan,nan,0.0,0
3,41,0.45607997940252165,3.243476224096516,5.916264619998773,0.07230394289820152,0.7912970700055806,-0.8314960125546114,50.0,nan,nan,nan,nan,nan,nan,nan,nan,0.0,0
3,42,0.4875133324824197,3.5874840222271605,5.554780768641526,-0.4936306689461778,0.6407681373735095,-0.9159370110116039,9.189454003716229,nan,nan,nan,nan,nan,nan,nan,nan,0.0,0
3,43,0.28553081687765824,3.849671865179419,5.1800000403399755,-0.3033057952300746,0.677371407756511,0.3847778622679927,13.480283051715972,nan,nan,nan,nan,nan,nan,nan,nan,0.0,0
3,44,0.133877921076671,4.188357565006365,5.372388969172643,-0.5806405367223963,0.39491984895363896,-0.11761831590541827,1.6920880442932429,nan,nan,nan,nan,nan,nan,nan,nan,0.0,0
3,45,0.0,4.385817486709858,5.3135798120459095,0.2961333884573176,-0.3657725251651853,0.21243754351980004,12.430908297779801,nan,nan,nan,nan,nan,nan,nan,nan,0.0,0
3,46,0.14806669136107772,4.202931227669191,5.419798581748689,-0.27091544629966746,0.23127966193419058,0.48693814178333716,-9.02733517619383,nan,nan,nan,nan,nan,nan,nan,nan,0.0,0
3,47,0.012608970456451707,4.318571056719559,5.663267648604865,0.11857516422982362,0.16153400555573816,-0.1382064908090641,4.876350154583982,nan,nan,nan,nan,nan,nan,nan,nan,0.0,0
3,48,0.07189655013577653,4.399338056179447,5.594164406039156,0.4964483790506382,0.6319972958011097,-0.6653295931047731,50.0,nan,nan,nan,nan,nan,nan,nan,nan,0.0,0
3,49,0.30981104115822755,4.7022120735055255,5.275316448858999,0.7477192868325402,0.6942273233032665,-0.8188630410385309,-50.0,nan,nan,nan,nan,nan,nan,nan,nan,0.0,0
3,50,0.5955772993696846,4.96753456554519,5.0,0.0,0.0,0.0,-50.0,nan,nan,nan,nan,nan,nan,nan,nan,0.0,0
3,51,0.5955772993696846,4.96753456554519,5.0,0.0,0.0,0.0,-50.0,nan,nan,nan,nan,nan,nan,nan,nan,0.0,0
3,52,0.5955772993696846,4.96753456554519,5.0,0.0,0.0,0.0,-50.0,nan,nan,nan,nan,nan,nan,nan,nan,0.0,0
3,53,0.5955772993696846,4.96753456554519,5.0,0.0,0.0,0.0,-50.0,nan,nan,nan,nan,nan,nan,nan,nan,0.0,0
3,54,0.5955772993696846,4.96753456554519,5.0,0.0,0.0,0.0,-50.0,nan,nan,nan,nan,nan,nan,nan,nan,0.0,0
3,55,0.5955772993696846,4.96753456554519,5.0,0.0,0.0,0.0,-50.0,nan,nan,nan,nan,nan,nan,nan,nan,0.0,0
3,56,0.5955772993696846,4.96753456554519,5.0,0.0,0.0,0.0,-50.0,nan,nan,nan,nan,nan,nan,nan,nan,0.0,0
3,57,0.5955772993696846,4.96753456554519,5.0,0.0,0.0,0.0,-50.0,nan,nan,nan,nan,nan,nan,nan,nan,0.0,0
3,58,0.5955772993696846,4.96753456554519,5.0,0.0,0.0,0.0,-50.0,nan,nan,nan,nan,nan,nan,nan,nan,0.0,0
3,59,0.5955772993696846,4.96753456554519,5.0,0.0,0.0,0.0,-50.0,nan,nan,nan,nan,nan,nan,nan,nan,0.0,0
3,60,0.5955772993696846,4.96753456554519,5.0,0.0,0.0,0.0,-50.0,nan,nan,nan,nan,nan,nan,nan,nan,0.0,0
3,61,0.5955772993696846,4.96753456554519,5.0,0.0,0.0,0.0,-50.0,nan,nan,nan,nan,nan,nan,nan,nan,0.0,0
3,62,0.5955772993696846,4.96753456554519,5.0,0.0,0.0,0.0,-50.0,nan,nan,nan,nan,nan,nan,nan,nan,0.0,0
3,63,0.5955772993696846,4.96753456554519,5.0,0.0,0.0,0.0,-50.0,nan,nan,nan,nan,nan,nan,nan,nan,0.0,0
3,64,0.5955772993696846,4.96753456554519,5.0,0.0,0.0,0.0,-50.0,nan,nan,nan,nan,nan,nan,nan,nan,0.0,0
3,65,0.5955772993696846,4.96753456554519,5.0,0.0,0.0,0.0,-50.0,nan,nan,nan,nan,nan,nan,nan,nan,0.0,0
3,66,0.5955772993696846,4.96753456554519,5.0,0.0,0.0,0.0,-50.0,nan,nan,nan,nan,nan,nan,nan,nan,0.0,0
3,67,0.5955772993696846,4.96753456554519,5.0,0.0,0.0,0.0,-50.0,nan,nan,nan,nan,nan,nan,nan,nan,0.0,0
3,68,0.5955772993696846,4.96753456554519,5.0,0.0,0.0,0.0,-50.0,nan,nan,nan,nan,nan,nan,nan,nan,0.0,0
3,69,0.5955772993696846,4.96753456554519,5.0,0.0,0.0,0.0,-50.0,nan,nan,nan,nan,nan,nan,nan,nan,0.0,0
3,70,0.5955772993696846,4.96753456554519,5.0,0.0,0.0,0.0,-50.0,nan,nan,nan,nan,nan,nan,nan,nan,0.0,0
3,71,0.5955772993696846,4.96753456554519,5.0,0.0,0.0,0.0,-50.0,nan,nan,nan,nan,nan,nan,nan,nan,0.0,0
3,72,0.5955772993696846,4.96753456554519,5.0,0.0,0.0,0.0,-50.0,nan,nan,nan,nan,nan,nan,nan,nan,0.0,0
3,73,0.5955772993696846,4.96753456554519,5.0,0.0,0.0,0.0,-50.0,nan,nan,nan,nan,nan,nan,nan,nan,0.0,0
3,74,0.5955772993696846,4.96753456554519,5.0,0.0,0.0,0.0,-50.0,nan,nan,nan,nan,nan,nan,nan,nan,0.0,0
3,75,0.5955772993696846,4.96753456554519,5.0,0.0,0.0,0.0,-50.0,nan,nan,nan,nan,nan,nan,nan,nan,0.0,0
3,76,0.5955772993696846,4.96753456554519,5.0,0.0,0.0,0.0,-50.0,nan,nan,nan,nan,nan,nan,nan,nan,0.0,0
3,77,0.5955772993696846,4.96753456554519,5.0,0.0,0.0,0.0,-50.0,nan,nan,nan,nan,nan,nan,nan,nan,0.0,0
3,78,0.5955772993696846,4.96753456554519,5.0,0.0,0.0,0.0,-50.0,nan,nan,nan,nan,nan,nan,nan,nan,0.0,0
3,79,0.5955772993696846,4.96753456554519,5.0,0.0,0.0,0.0,-50.0,nan,nan,nan,nan,nan,nan,nan,nan,0.0,0
3,80,0.5955772993696846,4.96753456554519,5.0,0.0,0.0,0.0,-50.0,nan,nan,nan,nan,nan,nan,nan,nan,0.0,0
3,81,0.5955772993696846,4.96753456554519,5.0,0.0,0.0,0.0,-50.0,nan,nan,nan,nan,nan,nan,nan,nan,0.0,0
3,82,0.5955772993696846,4.96753456554519,5.0,0.0,0.0,0.0,-50.0,nan,nan,nan,nan,nan,nan,nan,nan,0.0,0
3,83,0.5955772993696846,4.96753456554519,5.0,0.0,0.0,0.0,-50.0,nan,nan,nan,nan,nan,nan,nan,nan,0.0,0
3,84,0.5955772993696846,4.96753456554519,5.0,0.0,0.0,0.0,-50.0,nan,nan,nan,nan,nan,nan,nan,nan,0.0,0
3,85,0.5955772993696846,4.96753456554519,5.0,0.0,0.0,0.0,-50.0,nan,nan,nan,nan,nan,nan,nan,nan,0.0,0
3,86,0.5955772993696846,4.96753456554519,5.0,0.0,0.0,0.0,-50.0,nan,nan,nan,nan,nan,nan,nan,nan,0.0,0
3,87,0.5955772993696846,4.96753456554519,5.0,0.0,0.0,0.0,-50.0,nan,nan,nan,nan,nan,nan,nan,nan,0.0,0
3,88,0.5955772993696846,4.96753456554519,5.0,0.0,0.0,0.0,-50.0,nan,nan,nan,nan,nan,nan,nan,nan,0.0,0
3,89,0.5955772993696846,4.96753456554519,5.0,0.0,0.0,0.0,-50.0,nan,nan,nan,nan,nan,nan,nan,nan,0.0,0
3,90,0.5955772993696846,4.96753456554519,5.0,0.0,0.0,0.0,-50.0,nan,nan,nan,nan,nan,nan,nan,nan,0.0,0
3,91,0.5955772993696846,4.96753456554519,5.0,0.0,0.0,0.0,-50.0,nan,nan,nan,nan,nan,nan,nan,nan,0.0,0
3,92,0.5955772993696846,4.96753456554519,5.0,0.0,0.0,0.0,-50.0,nan,nan,nan,nan,nan,nan,nan,nan,0.0,0
3,93,0.5955772993696846,4.96753456554519,5.0,0.0,0.0,0.0,-50.0,nan,nan,nan,nan,nan,nan,nan,nan,0.0,0
3,94,0.5955772993696846,4.96753456554519,5.0,0.0,0.0,0.0,-50.0,nan,nan,nan,nan,nan,nan,nan,nan,0.0,0
3,95,0.5955772993696846,4.96753456554519,5.0,0.0,0.0,0.0,-50.0,nan,nan,nan,nan,nan,nan,nan,nan,0.0,0
3,96,0.5955772993696846,4.96753456554519,5.0,0.0,0.0,0.0,-50.0,nan,nan,nan,nan,nan,nan,nan,nan,0.0,0
3,97,0.5955772993696846,4.96753456554519,5.0,0.0,0.0,0.0,-50.0,nan,nan,nan,nan,nan,nan,nan,nan,0.0,0
3,98,0.5955772993696846,4.96753456554519,5.0,0.0,0.0,0.0,-50.0,nan,nan,nan,nan,nan,nan,nan,nan,0.0,0
3,99,0.5955772993696846,4.96753456554519,5.0,0.0,0.0,0.0,-50.0,nan,nan,nan,nan,nan,nan,nan,nan,0.0,0
4,0,0.0,0.0,10.0,-0.14413728839616424,-0.7165592854990575,-0.8833097831843473,-50.0,nan,nan,nan,nan,nan,nan,nan,nan,0.0,0
4,1,0.0,0.0,9.614780842797197,-0.5792827510581593,-0.5719744940665059,0.8519388238012342,-50.0,nan,nan,nan,nan,nan,nan,nan,nan,0.0,0
4,2,0.0,0.0,9.97627547929112,-0.712485915861083,0.047217723594510375,0.8170146365399444,-50.0,nan,nan,nan,nan,nan,nan,nan,nan,0.0,0
4,3,0.0,0.021757899936285414,10.0,-0.8481288331893888,-0.6226374669687118,-0.5507660200955924,-50.0,nan,nan,nan,nan,nan,nan,nan,nan,0.0,0
4,4,0.0,0.0,9.768113885547585,0.36418876479045226,0.5105524059205151,-0.7187782009604144,-50.0,nan,nan,nan,nan,nan,nan,nan,nan,0.0,0
4,5,0.1820943804862947,0.2552762002841466,9.408724788834926,-0.7363226203031845,0.44774545843101454,-0.623629785194401,-50.0,nan,nan,nan,nan,nan,nan,nan,nan,0.0,0
4,6,0.0,0.4657326229434,9.115596424974605,0.033053010386814075,0.5500596513228897,0.7381231518189382,-50.0,nan,nan,nan,nan,nan,nan,nan,nan,0.0,0
4,7,0.016526505013991846,0.7407624456190636,9.484657996877464,0.6013729729994333,0.45053430441551634,-0.5807307784302411,-50.0,nan,nan,nan,nan,nan,nan,nan,nan,0.0,0
4,8,0.3172129883474978,0.9660295954547722,9.194292610719874,-0.9043556863004492,0.6449741721422293,0.8947246369426582,-50.0,nan,nan,nan,nan,nan,nan,nan,nan,0.0,0
4,9,0.00018842806857594097,1.1921271988779467,9.507940978164571,-0.563940437626625,-0.7443233128184576,0.4437217425769149,-50.0,nan,nan,nan,nan,nan,nan,nan,nan,0.0,0
4,10,0.0,0.8321657643316858,9.722528795376082,0.8373445491483713,-0.3799464005088151,-0.19323737143788078,-50.0,nan,nan,nan,nan,nan,nan,nan,nan,0.0,0
4,11,0.4186722701183233,0.6421925660991327,9.625910110685439,-0.8178679060554752,0.4405644921797416,-0.5705621159343044,-50.0,nan,nan,nan,nan,nan,nan,nan,nan,0.0,0
4,12,0.04357392428006418,0.8442484372589488,9.364233494815862,0.8133561079394092,0.10365462348234811,-0.8111623581025846,-50.0,nan,nan,nan,nan,nan,nan,nan,nan,0.0,0
4,13,0.39617182533378836,0.8891837396653982,9.012586605969892,0.49117148581490344,-0.49350450774370236,0.40941018289959663,-50.0,nan,nan,nan,nan,nan,nan,nan,nan,0.0,0
4,14,0.6417575652007619,0.6424314888484672,9.217291694885336,0.7555919114801319,-0.4665491272432387,-0.523694430387913,-50.0,nan,nan,nan,nan,nan,nan,nan,nan,0.0,0
4,15,1.0082143150259624,0.41615845150423836,8.963303588414506,0.33502438746148644,-0.8201291598379354,-0.5043581145187157,-50.0,nan,nan,nan,nan,nan,nan,nan,nan,0.0,0
4,16,1.172534352149942,0.01390817052575305,8.71593012187538,-0.3894560527158055,-0.020251297784039446,0.0524149256807076,-50.0,nan,nan,nan,nan,nan,nan,nan,nan,0.0,0
4,17,0.9778063307407954,0.0037825218910633434,8.742137584049704,0.7816576025552304,-0.18976465129437425,-0.5698230708207945,-50.0,nan,nan,nan,nan,nan,nan,nan,nan,0.0,0
4,18,1.3686351280536133,0.0,8.457226051529616,-0.583528366880558,0.7663167031141842,-0.2398281109267857,-50.0,nan,nan,nan,nan,nan,nan,nan,nan,0.0,0
4,19,1.0768709475527136,0.38315834769696194,8.337311997274298,-0.5124953216650863,0.33323746889573536,-0.04693694671636983,-50.0,nan,nan,nan,nan,nan,nan,nan,nan,0.0,0
4,20,0.8206232908996551,0.5497770794272225,8.313843524298893,-0.16138057811072937,0.26038078777367346,-0.32695921288170227,-50.0,nan,nan,nan,nan,nan,nan,nan,nan,0.0,0
4,21,0.7399330036452327,0.6799674704083145,8.150363921506775,-0.6039821303153339,0.5635110872401048,-0.15443210601425483,-50.0,nan,nan,nan,nan,nan,nan,nan,nan,0.0,0
4,22,0.43794194208119935,0.961723010675532,8.073147869418504,-0.5317752615878575,0.38999018513504,-0.1805364932472049,-50.0,nan,nan,nan,nan,nan,nan,nan,nan,0.0,0
4,23,0.1720543151761183,1.156718100391072,7.9828796241151565,-0.32357052010794196,-0.562489309540227,-0.4116095590751123,-50.0,nan,nan,nan,nan,nan,nan,nan,nan,0.0,0
4,24,0.01026905722749416,0.8754734492808565,7.777074847255783,0.9834492338204133,0.47043906736730867,-0.3851580111795261,-50.0,nan,nan,nan,nan,nan,nan,nan,nan,0.3333333333333333,0
4,25,0.4355574498125459,1.078912801195984,7.610514921402296,-0.15153876993223436,-0.26215713062366164,-0.006551666279959845,-50.0,nan,nan,nan,nan,nan,nan,nan,nan,0.0,0
4,26,0.3597880673481002,0.9478342402119634,7.607239088370474,-0.3920203474433004,-0.7116432715222545,0.4008216591291318,-50.0,nan,nan,nan,nan,nan,nan,nan,nan,0.0,0
4,27,0.16377789578999927,0.5920126083783753,7.807649915722917,0.8531059308397684,-0.3620366351410895,-0.6279760874640614,-50.0,nan,nan,nan,nan,nan,nan,nan,nan,0.0,0
4,28,0.5448088904657126,0.43031266677667157,7.527170851413216,-0.7112393089769364,-0.9093340491983715,0.30066826015537607,-50.0,nan,nan,nan,nan,nan,nan,nan,nan,0.0,0
4,29,0.2467100855813918,0.049187228565768626,7.653188702068701,-0.12335254843958876,-0.23156632736685223,0.32542631763333785,-50.0,nan,nan,nan,nan,nan,nan,nan,nan,0.0,0
4,30,0.18503381283703413,0.0,7.815901856992901,0.630696001864931,-0.17411419743950018,-0.844539559493716,-50.0,nan,nan,nan,nan,nan,nan,nan,nan,0.0,0
4,31,0.4802108085041863,0.0,7.420642256240267,-0.2603410112629041,0.8540312034717095,-0.1078066606276804,-50.0,nan,nan,nan,nan,nan,nan,nan,nan,0.0,0
4,32,0.35004030432017347,0.4270155969876276,7.366738926525809,-0.29205398506579305,0.17414104139978215,-0.30930221414047865,-50.0,nan,nan,nan,nan,nan,nan,nan,nan,0.0,0
4,33,0.20401331496411595,0.5140861157932864,7.212087822820028,0.46872115452266994,0.18002162175393366,0.3516818859489712,-50.0,nan,nan,nan,nan,nan,nan,nan,nan,0.0,0
4,34,0.4383738884023707,0.6040969252019237,7.387928762926053,-0.7107756133031367,-0.8711397886547938,0.7323329837023691,-50.0,nan,nan,nan,nan,nan,nan,nan,nan,0.0,0
4,35,0.17351274684657825,0.27947819242700417,7.6608229737459235,-0.8656409558515985,0.26619900825152887,0.6905081621015887,-50.0,nan,nan,nan,nan,nan,nan,nan,nan,0.0,0
4,36,0.0,0.39634921150454866,7.963981100127529,-0.04702730973363822,0.037214439981429814,-0.8707830234117382,-50.0,nan,nan,nan,nan,nan,nan,nan,nan,0.0,0
4,37,0.0,0.41495643128208476,7.528589593409844,-0.33982550522073174,-0.47053194529779185,-0.3345513412748371,-50.0,nan,nan,nan,nan,nan,nan,nan,nan,0.0,0
4,38,0.0,0.17969046214498782,7.361313925269338,0.8185223895475031,-0.3778801219954122,-0.04205116995689773,-50.0,nan,nan,nan,nan,nan,nan,nan,nan,0.0,0
4,39,0.40926119023909713,0.0,7.340288340523855,0.40799876025976856,-0.9149143326719698,-0.7141759069610012,-50.0,nan,nan,nan,nan,nan,nan,nan,nan,0.0,0
4,40,0.5750771680640019,0.0,7.0500380067328186,0.09486761068006189,0.6549097727059221,-0.35740394187566227,-50.0,nan,nan,nan,nan,nan,nan,nan,nan,0.0,0
4,41,0.6225109727733423,0.3274548819990477,6.871336038171049,-0.37976933528056045,-0.9742995557811736,0.04968620895051079,-50.0,nan,nan,nan,nan,nan,nan,nan,nan,0.0,0
4,42,0.4411290875369147,0.0,6.895066701530261,0.1199819726760758,0.26979054140865477,0.9754593742812079,-50.0,nan,nan,nan,nan,nan,nan,nan,nan,0.0,0
4,43,0.49999178760364876,0.13235821486827415,7.373623365460224,-0.19198733605214113,0.9507120138375018,0.6029163202678647,-50.0,nan,nan,nan,nan,nan,nan,nan,nan,0.0,0
4,44,0.4159361083566901,0.5485978780388282,7.637591509772767,0.04431523955885042,-0.8911687690674706,-0.3655585647608752,-50.0,nan,nan,nan,nan,nan,nan,nan,nan,0.0,0
4,45,0.43809372790632417,0.10301349812613758,7.454812229287888,-0.7590787249077424,0.12451346517359596,-0.9882963755423122,-50.0,nan,nan,nan,nan,nan,nan,nan,nan,0.3333333333333333,0
4,46,0.1350371475766784,0.15272458041880843,7.060242193142508,-0.005452216962629874,0.7232269181633875,0.22853431135185787,-50.0,nan,nan,nan,nan,nan,nan,nan,nan,0.0,0
4,47,0.1323110391313045,0.5143380347329902,7.174509347311939,-0.2154061684515871,0.7583276097045604,-0.35669443395837375,-50.0,nan,nan,nan,nan,nan,nan,nan,nan,0.0,0
4,48,0.024607956150245316,0.8935018352032397,6.996162132393927,-0.7767576641258582,-0.8237116509059632,-0.7662119982915017,-50.0,nan,nan,nan,nan,nan,nan,nan,nan,0.0,0
4,49,0.0,0.5922371632270906,6.7159274093866745,0.09897038539512981,0.12187358211955135,-0.023198803259731893,-50.0,nan,nan,nan,nan,nan,nan,nan,nan,0.0,0
4,50,0.04948518957945514,0.6531739504471803,6.704328008487698,0.26290963133368983,-0.04722162801464669,-0.8899209286022529,-50.0,nan,nan,nan,nan,nan,nan,nan,nan,0.0,0
4,51,0.18094000383150685,0.6295631366939702,6.2593675489754945,-0.23330917262731665,0.451225959177614,-0.10854980595478336,-50.0,nan,nan,nan,nan,nan,nan,nan,nan,0.0,0
4,52,0.0642854197636112,0.8551761119394142,6.20509264704297,-0.1826667076965922,-0.9088564151237497,0.43136043760591813,-50.0,nan,nan,nan,nan,nan,nan,nan,nan,0.0,0
4,53,0.0,0.4107374949822351,6.416031617280105,0.08119851074323403,0.771384269017622,-0.02826216670022852,-50.0,nan,nan,nan,nan,nan,nan,nan,nan,0.0,0
4,54,0.04059925484853915,0.7964296245218166,6.4019005341120545,-0.537037461151143,-0.594991873035255,-0.3372004804109714,-50.0,nan,nan,nan,nan,nan,nan,nan,nan,0.0,0
4,55,0.0,0.4989336914254262,6.233300295845491,-0.5815328301870906,0.8530814186231963,-0.38746466957844095,-50.0,nan,nan,nan,nan,nan,nan,nan,nan,0.0,0
4,56,0.0,0.8857310320214222,6.057619170344333,-0.8437426445813694,-0.3251173699687526,0.5411175882146455,-50.0,nan,nan,nan,nan,nan,nan,nan,nan,0.0,0
4,57,0.0,0.7314657289511365,6.314374657603034,0.16181083142800845,0.557331763509302,0.9193975254168072,-50.0,nan,nan,nan,nan,nan,nan,nan,nan,0.0,0
4,58,0.07441349816624555,0.9877712296143704,6.7371868109544195,0.6000166429756482,-0.3972727999320256,0.15090553417126973,-50.0,nan,nan,nan,nan,nan,nan,nan,nan,0.0,0
4,59,0.37442181557380816,0.7891348323499108,6.81263957701386,-0.8480492272115576,-0.24175405905521052,-0.9242074635046185,-50.0,nan,nan,nan,nan,nan,nan,nan,nan,0.0,0
4,60,0.042482518344404196,0.694508636263391,6.450890793940725,0.09603042524666594,-0.9103605032887785,-0.16490824037398166,-50.0,nan,nan,nan,nan,nan,nan,nan,nan,0.0,0
4,61,0.09049773045152597,0.2393283895126413,6.368436674640198,-0.3214075191985737,-0.4312882660486719,-0.21084194525190525,-50.0,nan,nan,nan,nan,nan,nan,nan,nan,0.0,0
4,62,0.0,0.02368426022094572,6.263015703839004,-0.9787786004802574,-0.8148776240097195,0.36574478898472274,-50.0,nan,nan,nan,nan,nan,nan,nan,nan,0.0,0
4,63,0.0,0.0,6.40102563405533,0.9471918001770303,0.7622229378652678,-0.7999604404566223,-50.0,nan,nan,nan,nan,nan,nan,nan,nan,0.0,0
4,64,0.32541340342591285,0.2618662453936749,6.126194444124812,-0.4766152347586128,0.05230264761380132,0.8004539425509847,-50.0,nan,nan,nan,nan,nan,nan,nan,nan,0.0,0
4,65,0.08710578860061627,0.2880175689203045,6.5264214111109595,0.5105654705409519,0.668511505653576,-0.5270071018943085,-50.0,nan,nan,nan,nan,nan,nan,nan,nan,0.0,0
4,66,0.34238852129931985,0.6222733183797293,6.262917862818396,-0.7910484370103186,0.7004244229259873,-0.06694182565240303,-50.0,nan,nan,nan,nan,nan,nan,nan,nan,0.0,0
4,67,0.0,0.9530697270784539,6.2313025810081974,-0.34104683028606453,-0.151917469573011,-0.35107547232370573,-50.0,nan,nan,nan,nan,nan,nan,nan,nan,0.0,0
4,68,0.0,0.8771109937740994,6.055764848271539,0.29381856557088226,0.8822692641429977,0.31269259085739853,-50.0,nan,nan,nan,nan,nan,nan,nan,nan,0.0,0
4,69,0.146909281288007,1.3182456213491496,6.212111142106614,-0.32503020074657174,-0.8942283599248697,-0.4550103174380955,-50.0,nan,nan,nan,nan,nan,nan,nan,nan,0.0,0
4,70,0.0,0.8943070748653281,5.996398443589587,-0.6746914114167881,-0.7952747227902615,-0.1572882432121474,-50.0,nan,nan,nan,nan,nan,nan,nan,nan,0.0,0
4,71,0.0,0.517295450003258,5.921833649254044,0.8293223015587798,-0.0923621688477676,0.49505475284151457,-50.0,nan,nan,nan,nan,nan,nan,nan,nan,0.0,0
4,72,0.4146611465056351,0.4711143660553451,6.16936102312363,-0.5901951582464484,-0.394645173258112,0.7299160939544413,-50.0,nan,nan,nan,nan,nan,nan,nan,nan,0.0,0
4,73,0.1248553129788425,0.27733020536652625,6.527774573383148,-0.7169920561617877,-0.08307225201411961,0.9381624427619091,-50.0,nan,nan,nan,nan,nan,nan,nan,nan,0.0,0
4,74,0.0,0.24223989776934812,6.924061033596602,-0.0038981296588029846,-0.8419163542972401,-0.31242342757296604,-50.0,nan,nan,nan,nan,nan,nan,nan,nan,0.0,0
4,75,0.0,0.0,6.767849321549624,-0.5498184461414823,-0.3798905697978181,0.4113225117474497,-50.0,nan,nan,nan,nan,nan,nan,nan,nan,0.0,0
4,76,0.0,0.0,6.973510574802564,-0.4480493631571172,-0.3681759701380263,-0.01058149951899412,-50.0,nan,nan,nan,nan,nan,nan,nan,nan,0.0,0
4,77,0.0,0.0,6.968219825134285,0.6846610588211866,0.825845988950703,0.0316214893860054,-50.0,nan,nan,nan,nan,nan,nan,nan,nan,0.0,0
4,78,0.3189777799239845,0.38475464132307546,6.982952008821793,-0.33944763831170177,0.6965565334843975,-0.04962153050069107,-50.0,nan,nan,nan,nan,nan,nan,nan,nan,0.0,0
4,79,0.14925396295402246,0.733032903579766,6.958141243890988,-0.55190251660476,0.6990696195705677,0.17157243708069103,-50.0,nan,nan,nan,nan,nan,nan,nan,nan,0.0,0
4,80,0.0,1.0825677095114974,7.043927461485557,0.3532215381043695,-0.7288860683423353,0.46917428174592946,-50.0,nan,nan,nan,nan,nan,nan,nan,nan,0.0,0
4,81,0.17661076716539173,0.7181246792337989,7.278514599852348,-0.5577767267652707,-0.6986274046612326,0.8728305610660563,-50.0,nan,nan,nan,nan,nan,nan,nan,nan,0.0,0
4,82,0.0,0.43854202222629957,7.627811357683548,-0.8935341216585562,-0.5571569760966604,-0.6266965637203186,-50.0,nan,nan,nan,nan,nan,nan,nan,nan,0.0,0
4,83,0.0,0.21120301617455625,7.372097833480088,0.3662335646688941,0.29576354210621325,0.26607318963472637,-50.0,nan,nan,nan,nan,nan,nan,nan,nan,0.0,0
4,84,0.18311677894802633,0.3590847844928513,7.505134425837174,0.7562933195730246,0.5838939986678575,-0.5584776370028908,-50.0,nan,nan,nan,nan,nan,nan,nan,nan,0.0,0
4,85,0.5248019018852519,0.622881763196524,7.252820283799326,0.36234221804436273,-0.13102738101852163,0.8759707193872144,-50.0,nan,nan,nan,nan,nan,nan,nan,nan,0.0,0
4,86,0.7059730090142519,0.5573680733718608,7.690805638916123,0.8524454822050551,-0.5640064377014624,-0.8842505477280862,-50.0,nan,nan,nan,nan,nan,nan,nan,nan,0.0,0
4,87,1.0213333600044576,0.3487151191745114,7.363679073152083,-0.5437086864292442,-0.633853538674424,-0.07808988543279005,-50.0,nan,nan,nan,nan,nan,nan,nan,nan,0.0,0
4,88,0.7494790200310524,0.031788353615897824,7.324634130901206,-0.741423990932272,-0.3544500383165561,0.9068327082803029,-50.0,nan,nan,nan,nan,nan,nan,nan,nan,0.0,0
4,89,0.4465606010463243,0.0,7.695132433674634,0.28608244957264506,-0.8591855197798279,0.6675841476387534,-50.0,nan,nan,nan,nan,nan,nan,nan,nan,0.0,0
4,90,0.5737040095237061,0.0,7.991826355664789,0.5540507482673132,-0.07710733577952067,0.06884059935586273,-50.0,nan,nan,nan,nan,nan,nan,nan,nan,0.0,0
4,91,0.850729378742171,0.0,8.02624665473201,0.8091820289686766,0.5859342704968009,0.45193538647390685,-50.0,nan,nan,nan,nan,nan,nan,nan,nan,0.0,0
4,92,1.219709152371339,0.26718079090934715,8.23232515206182,0.8655736565145291,-0.4809327291645271,-0.9369887862343784,-50.0,nan,nan,nan,nan,nan,nan,nan,nan,0.0,0
4,93,1.5371751269167822,0.09078935800712196,7.888666289616928,-0.1577871821467034,0.9042719276496931,0.22136424732977233,-50.0,nan,nan,nan,nan,nan,nan,nan,nan,0.0,0
4,94,1.458281536678947,0.542925317043657,7.999348412109644,0.16748832577585926,0.8627524476705155,0.9192010161371929,-50.0,nan,nan,nan,nan,nan,nan,nan,nan,0.0,0
4,95,1.524131561292779,0.8821266891486963,8.36074320937269,-0.8679904414629633,0.6577805242916883,-0.8063751310430305,-50.0,nan,nan,nan,nan,nan,nan,nan,nan,0.0,0
4,96,1.203865919050324,1.1248304010833459,8.063211996014438,0.21118606310757593,0.475127317785661,-0.5716168662726733,-50.0,nan,nan,nan,nan,nan,nan,nan,nan,0.0,0
4,97,1.3094589492375956,1.3623940569017818,7.777403566576848,0.6464694986831547,-0.3923630040431947,-0.8242828074131696,-50.0,nan,nan,nan,nan,nan,nan,nan,nan,0.0,0
4,98,1.5984170952741326,1.187016121125085,7.40896664522932,0.8398295857976998,0.640048204927568,-0.5850692309261862,-47.412187003679136,nan,nan,nan,nan,nan,nan,nan,nan,0.0,0
4,99,1.9462650494830223,1.4521168778073539,7.166637560269856,-0.6921366726097002,0.8738019164986353,-0.795732939462267,-44.13181504527809,nan,nan,nan,nan,nan,nan,nan,nan,0.0,0
5,0,0.0,0.0,10.0,0.9312246792571008,-0.7265571545775187,0.23977345817604823,-50.0,nan,nan,nan,nan,nan,nan,nan,nan,0.0,0
5,1,0.3863296436838908,0.0,10.0,0.34838399932395125,-0.5210951316376273,-0.9054100892670831,-50.0,nan,nan,nan,nan,nan,nan,nan,nan,0.0,0
5,2,0.5445109932230436,0.0,9.588904800207379,-0.5979416519311944,0.9367185437425327,0.8739235826980689,-50.0,nan,nan,nan,nan,nan,nan,nan,nan,0.0,0
5,3,0.3330389233242604,0.33128618606519433,9.897982497620884,0.2308255371608432,-0.10511942473142355,-0.750042511115135,-50.0,nan,nan,nan,nan,nan,nan,nan,nan,0.0,0
5,4,0.44845169044702043,0.27872647436331094,9.522961246799829,-0.6508343003585355,0.28050160920747147,0.1025254150433057,-50.0,nan,nan,nan,nan,nan,nan,nan,nan,0.0,0
5,5,0.12303454481214465,0.41897727700846943,9.574223953605607,0.22604715592840652,-0.4151727602064945,0.09724145987191468,-50.0,nan,nan,nan,nan,nan,nan,nan,nan,0.0,0
5,6,0.2360581204344707,0.21139090120646467,9.622844682534131,0.6824630564269509,-0.04203519818264789,-0.9374906340094489,-50.0,nan,nan,nan,nan,nan,nan,nan,nan,0.0,0
5,7,0.530134569730277,0.19327774224410585,9.218875684796767,-0.7367004230779053,0.3431195634430928,-0.21448267573063617,-50.0,nan,nan,nan,nan,nan,nan,nan,nan,0.0,0
5,8,0.1617843625737717,0.36483752192451935,9.111634348207353,0.6263727832075365,0.34711803541583275,0.1865262533409393,-50.0,nan,nan,nan,nan,nan,nan,nan,nan,0.0,0
5,9,0.4749707499453913,0.5383965372870989,9.20489747361754,-0.19069885889838445,-0.3024206843447417,0.9167665126789573,-50.0,nan,nan,nan,nan,nan,nan,nan,nan,0.0,0
5,10,0.37962132146518274,0.3871861966513954,9.663280725298723,0.4135362298434253,-0.11730549596658513,0.9286886616782701,-50.0,nan,nan,nan,nan,nan,nan,nan,nan,0.0,0
5,11,0.5816725065965227,0.32987147360659186,10.0,0.22206862353072254,-0.2131793965656399,0.15406394757500275,-50.0,nan,nan,nan,nan,nan,nan,nan,nan,0.0,0
5,12,0.6927068151363173,0.2232817784202218,10.0,-0.8927519193733697,-0.4348267274901816,-0.1984182134828858,-50.0,nan,nan,nan,nan,nan,nan,nan,nan,0.0,0
5,13,0.2519048365498225,0.008583296500967896,9.90202973615308,0.9418197229863896,-0.6212025592241806,0.3235010366812252,-50.0,nan,nan,nan,nan,nan,nan,nan,nan,0.0,0
5,14,0.653123340547942,0.0,10.0,-0.2085901859229835,-0.6705792939244128,-0.3020673668567524,-50.0,nan,nan,nan,nan,nan,nan,nan,nan,0.0,0
5,15,0.5488282489507104,0.0,9.84896631854726,0.10303937993207168,-0.222039293578437,0.6657465471976203,-50.0,nan,nan,nan,nan,nan,nan,nan,nan,0.0,0
5,16,0.6003479381904226,0.0,10.0,-0.39960412182651184,-0.23353513311894036,-0.6895226130703698,-50.0,nan,nan,nan,nan,nan,nan,nan,nan,0.0,0
5,17,0.4005458796830875,0.0,9.655238697616266,0.11683004408985731,0.7925595375845689,0.5284104742682079,-50.0,nan,nan,nan,nan,nan,nan,nan,nan,0.0,0
5,18,0.45896090111933396,0.3962797646630651,9.919443931997362,-0.5187697299653717,-0.9338376036244416,0.8746167580614701,-50.0,nan,nan,nan,nan,nan,nan,nan,nan,0.0,0
5,19,0.27108613024552763,0.058086312577883936,10.0,-0.9385945547142684,-0.09027184833596347,0.06976280184512174,-50.0,nan,nan,nan,nan,nan,nan,nan,nan,0.0,0
5,20,0.0,0.012950388887277016,10.0,-0.10707150159813184,-0.775727657597896,0.8509740182093526,-50.0,nan,nan,nan,nan,nan,nan,nan,nan,0.0,0
5,21,0.0,0.0,10.0,-0.621891323596417,-0.7249165531020398,0.33433748888090964,-50.0,nan,nan,nan,nan,nan,nan,nan,nan,0.0,0
5,22,0.0,0.0,10.0,0.10526068251048759,0.583583827706937,-0.21769934559855075,-50.0,nan,nan,nan,nan,nan,nan,nan,nan,0.0,0
5,23,0.05263034042208768,0.2917919092343037,9.891150328923851,-0.8031211252941359,0.8189946544730891,-0.3732543044613874,-50.0,nan,nan,nan,nan,nan,nan,nan,nan,0.0,0
5,24,0.0,0.6312674147988155,9.736435407380583,-0.4967574787500393,-0.7268780536549708,0.9660508056933585,-50.0,nan,nan,nan,nan,nan,nan,nan,nan,0.0,0
5,25,0.0,0.3532064027052016,10.0,-0.05260528109757856,0.2829596473910665,0.4506802147197926,-50.0,nan,nan,nan,nan,nan,nan,nan,nan,0.0,0
5,26,0.0,0.494686223754963,10.0,-0.2311300017033504,0.8134020040960057,0.9299658820844201,-50.0,nan,nan,nan,nan,nan,nan,nan,nan,0.0,0
5,27,0.0,0.8182524083641226,10.0,0.3081166920348082,0.04648163319077514,-0.8870555520963228,-50.0,nan,nan,nan,nan,nan,nan,nan,nan,0.0,0
5,28,0.154058344378823,0.8414932247123184,9.556472228669248,0.320716620283219,-0.7667616776521169,-0.11949266851823115,-50.0,nan,nan,nan,nan,nan,nan,nan,nan,0.0,0
5,29,0.31441665261067564,0.4581123904520613,9.49672589512167,-0.027796875199941784,-0.39784275415411385,-0.06291334281636907,-50.0,nan,nan,nan,nan,nan,nan,nan,nan,0.0,0
5,30,0.30051821535494316,0.25919101830191676,9.465269224492609,0.5813504402115028,-0.054630598593420565,0.9773757535544316,-50.0,nan,nan,nan,nan,nan,nan,nan,nan,0.0,0
5,31,0.5558290725090419,0.2351989749680314,9.894501962857495,0.4190767883145661,-0.6697240744497408,-0.7043938771903446,-50.0,nan,nan,nan,nan,nan,nan,nan,nan,0.0,0
5,32,0.7537953958495724,0.0,9.56175562629284,-0.22845649972080695,-0.7798235401478868,0.871913464118734,-50.0,nan,nan,nan,nan,nan,nan,nan,nan,0.0,0
5,33,0.6579557447312717,0.0,9.927531528088632,-0.9313252421089642,-0.8841083462675929,0.5701940717962644,-50.0,nan,nan,nan,nan,nan,nan,nan,nan,0.0,0
5,34,0.32653255703343875,0.0,10.0,0.6465240919083444,-0.7934927080741228,-0.11607438175691853,-50.0,nan,nan,nan,nan,nan,nan,nan,nan,0.0,0
5,35,0.6403500148241024,0.0,9.943658453175257,-0.6918030359537415,0.9589288129719633,0.7501960786473336,-50.0,nan,nan,nan,nan,nan,nan,nan,nan,0.0,0
5,36,0.39333610370315775,0.3423933464706681,10.0,-0.7744074196668045,-0.5539612646002612,-0.9267810692365699,-50.0,nan,nan,nan,nan,nan,nan,nan,nan,0.0,0
5,37,0.10192555673245102,0.13393698226485606,9.651251045057746,-0.8481741080248955,0.14691860703491355,-0.546158155364896,-50.0,nan,nan,nan,nan,nan,nan,nan,nan,0.0,0
5,38,0.0,0.20599494074047303,9.383381355338656,0.7934100246055296,-0.3897417063499571,-0.1251099715129962,-50.0,nan,nan,nan,nan,nan,nan,nan,nan,0.0,0
5,39,0.39670500785926927,0.01112408974824422,9.320826370282838,-0.5872203257072379,-0.4847761654517848,0.9289483092186448,-50.0,nan,nan,nan,nan,nan,nan,nan,nan,0.0,0
5,40,0.15226576329188618,0.0,9.707514999757766,-0.7070364986943176,-0.35391697063178396,-0.9397538565868864,-50.0,nan,nan,nan,nan,nan,nan,nan,nan,0.0,0
5,41,0.0,0.0,9.324918536463882,-0.6178943041372058,-0.18291660728836412,-0.7943106999539182,-50.0,nan,nan,nan,nan,nan,nan,nan,nan,0.0,0
5,42,0.0,0.0,8.936627891507689,-0.9112239783590144,0.7330702658413442,-0.6630040001661437,-50.0,nan,nan,nan,nan,nan,nan,nan,nan,0.0,0
5,43,0.0,0.2726471905729889,8.690040099849698,0.007928471469820897,-0.6380239701694217,0.28938328479147213,-50.0,nan,nan,nan,nan,nan,nan,nan,nan,0.0,0
5,44,0.003964235678329302,0.0,8.834731740180265,-0.5181261600252032,-0.7512621602284306,0.2510809186692602,-50.0,nan,nan,nan,nan,nan,nan,nan,nan,0.0,0
5,45,0.0,0.0,8.960272198188552,0.842444005007607,-0.3861124110174672,0.9031910287772837,-50.0,nan,nan,nan,nan,nan,nan,nan,nan,0.0,0
5,46,0.3255083622552653,0.0,9.309252345039127,-0.7639821739081205,0.47819257745452437,-0.9738259439082217,-50.0,nan,nan,nan,nan,nan,nan,nan,nan,0.0,0
5,47,0.0376268558548149,0.1801911147257716,8.94229812898715,0.5587526026603433,-0.6603016383242537,-0.8169051724009968,-50.0,nan,nan,nan,nan,nan,nan,nan,nan,0.0,0
5,48,0.27244355557898525,0.0,8.598992387488149,-0.17001855598425908,-0.6989877249998058,0.08268729815552289,-50.0,nan,nan,nan,nan,nan,nan,nan,nan,0.0,0
5,49,0.18743427876084753,0.0,8.640336035994949,0.31650106122565447,0.8982719481238399,0.6709047209954069,-50.0,nan,nan,nan,nan,nan,nan,nan,nan,0.0,0
5,50,0.3232739669927095,0.38553103394990784,8.92828290031312,-0.6778386677063744,-0.5526458343386447,-0.03185119727186936,-50.0,nan,nan,nan,nan,nan,nan,nan,nan,0.0,0
5,51,0.0,0.1092081199380005,8.91235730185916,0.9872843025828333,0.6494411361370933,0.9318047810234971,-50.0,nan,nan,nan,nan,nan,nan,nan,nan,0.3333333333333333,0
5,52,0.3280203098698694,0.3249817143936423,9.221944816022953,0.05120154339862526,0.8663029844380463,0.40480295891689266,-50.0,nan,nan,nan,nan,nan,nan,nan,nan,0.0,0
5,53,0.3536210813018346,0.7581332020892889,9.424346293367732,0.7780952086892647,-0.3699250503333711,-0.31723410809129815,-50.0,nan,nan,nan,nan,nan,nan,nan,nan,0.0,0
5,54,0.7426686814089538,0.5731706789372184,9.265729241049742,-0.31155019893308133,0.8617212506179479,0.6235429499753853,-50.0,nan,nan,nan,nan,nan,nan,nan,nan,0.0,0
5,55,0.6021214411320337,0.9619123458566571,9.54702336672608,0.09707884474176143,0.9418770003481616,-0.11994726473876982,-50.0,nan,nan,nan,nan,nan,nan,nan,nan,0.0,0
5,56,0.6506608629943467,1.4328508410965195,9.487049734985064,0.35767213855235136,-0.6277207705273615,-0.685952837577986,-50.0,nan,nan,nan,nan,nan,nan,nan,nan,0.0,0
5,57,0.829496930475412,1.1189904589832884,9.14407331963878,0.23947569178997408,-0.5321642826840767,-0.7696555474539839,-50.0,nan,nan,nan,nan,nan,nan,nan,nan,0.0,0
5,58,0.9492347751307181,0.8529083203960762,8.759245549896022,-0.7204221258646639,0.6510845539183336,0.8365046531252178,-50.0,nan,nan,nan,nan,nan,nan,nan,nan,0.0,0
5,59,0.6681849546488952,1.1069082885086754,9.085581283006498,0.5062444450522858,0.3362660534613733,0.34069835632966505,-50.0,nan,nan,nan,nan,nan,nan,nan,nan,0.0,0
5,60,0.9213071735420386,1.275041312826191,9.255930458726352,0.35432646373490706,-0.18011519700144274,0.3542685879783416,-50.0,nan,nan,nan,nan,nan,nan,nan,nan,0.0,0
5,61,1.0984704020821234,1.184983716016875,9.433064749388699,-0.1245023223479147,-0.5180707724306037,-0.46479816816092656,-50.0,nan,nan,nan,nan,nan,nan,nan,nan,0.0,0
5,62,1.0362192417885872,0.9259483334651231,9.200665668595066,0.27376943405669096,-0.6753958392007526,0.6244659575323843,-50.0,nan,nan,nan,nan,nan,nan,nan,nan,0.0,0
5,63,1.1731039573906377,0.5882504173834511,9.51289864410789,-0.30516055265300945,-0.04957980034748943,-0.8768484283509974,-50.0,nan,nan,nan,nan,nan,nan,nan,nan,0.0,0
5,64,1.0205236827052135,0.5634605174763346,9.074474434647874,0.86596712700559,-0.35853491989864983,-0.4722269034722917,-50.0,nan,nan,nan,nan,nan,nan,nan,nan,0.0,0
5,65,1.4330864930573919,0.39264782776805046,8.849496774012982,-0.7066336120328467,0.4124093920932357,0.7985937717646086,-50.0,nan,nan,nan,nan,nan,nan,nan,nan,0.0,0
5,66,1.1240575502391303,0.5730049977026309,9.198742245537755,0.8372473729280947,0.17951487221238782,0.23462135692112063,-50.0,nan,nan,nan,nan,nan,nan,nan,nan,0.0,0
5,67,1.5426812319880856,0.6627624327978582,9.316052922677008,-0.47325984874899474,0.18062474445886623,0.9925033343663465,-50.0,nan,nan,nan,nan,nan,nan,nan,nan,0.3333333333333333,0
5,68,1.3303236448713955,0.7438110047573129,9.761401527356742,-0.7146304729451869,-0.4959948571922963,0.6894851001661053,-50.0,nan,nan,nan,nan,nan,nan,nan,nan,0.0,0
5,69,1.0084176785221035,0.5203896564473989,10.0,0.6713701162553978,-0.6816863174790624,0.78539095091929,-50.0,nan,nan,nan,nan,nan,nan,nan,nan,0.0,0
5,70,1.279601596207603,0.24503875575844214,10.0,-0.696774140652872,-0.5051826551334344,0.29515481434466895,-50.0,nan,nan,nan,nan,nan,nan,nan,nan,0.0,0
5,71,0.9312145297102435,0.0,10.0,-0.07649118611433514,-0.7662636463246029,0.506483405578249,-50.0,nan,nan,nan,nan,nan,nan,nan,nan,0.0,0
5,72,0.8929689370680208,0.0,10.0,0.1379076578993177,-0.9934336876625909,-0.3804055374839552,-50.0,nan,nan,nan,nan,nan,nan,nan,nan,0.3333333333333333,0
5,73,0.9572509018574005,0.0,9.822684137061618,-0.3085206575902808,-0.34674018353864233,-0.427497069752242,-50.0,nan,nan,nan,nan,nan,nan,nan,nan,0.0,0
5,74,0.8029905755069363,0.0,9.608935605572926,-0.8518985523575262,0.8874570532078485,0.5517574151564599,-50.0,nan,nan,nan,nan,nan,nan,nan,nan,0.0,0
5,75,0.4870603961056256,0.3291171997593043,9.813557175446455,-0.84554763089088,0.6065234624431077,-0.57201946245074,-50.0,nan,nan,nan,nan,nan,nan,nan,nan,0.0,0
5,76,0.13102412456145768,0.5845071320151389,9.572695904926329,0.23676338791321028,-0.8341429157850815,0.9347430477600047,-50.0,nan,nan,nan,nan,nan,nan,nan,nan,0.0,0
5,77,0.22387334311589446,0.2573893348929138,9.939265087343687,0.8798368141544239,0.8173074587426172,0.3349051472609319,-50.0,nan,nan,nan,nan,nan,nan,nan,nan,0.0,0
5,78,0.57673908021659,0.5851771635305226,10.0,0.10692870622737916,-0.5318599157766708,-0.19364133291404761,-50.0,nan,nan,nan,nan,nan,nan,nan,nan,0.0,0
5,79,0.6302034324021206,0.3192472102588202,9.903179335223815,-0.817254962151793,0.8250528197125944,0.8125265304809348,-50.0,nan,nan,nan,nan,nan,nan,nan,nan,0.0,0
5,80,0.3418949903628869,0.6103065541202699,10.0,0.4426410161868066,-0.34228753285544844,0.2615154005188369,-50.0,nan,nan,nan,nan,nan,nan,nan,nan,0.0,0
5,81,0.5632154948729788,0.4391627904634656,10.0,-0.19179913180281938,0.1763466362186228,0.8167773972616641,-50.0,nan,nan,nan,nan,nan,nan,nan,nan,0.0,0
5,82,0.4673159300901565,0.5273361075443098,10.0,0.25772799975425453,0.8875454941135983,0.5042587859091288,-50.0,nan,nan,nan,nan,nan,nan,nan,nan,0.0,0
5,83,0.589714394453344,0.9488432997607332,10.0,-0.7790604189444321,0.8962065348775854,0.4753233023859884,-50.0,nan,nan,nan,nan,nan,nan,nan,nan,0.0,0
5,84,0.2851757668767065,1.2991749319679406,10.0,-0.3496044737587327,0.04331829799924947,-0.13363817208434314,-50.0,nan,nan,nan,nan,nan,nan,nan,nan,0.0,0
5,85,0.11037353463678079,1.320834080392708,9.93318091573128,0.9161535169540747,0.3575169415325741,-0.864235980166246,-50.0,nan,nan,nan,nan,nan,nan,nan,nan,0.0,0
5,86,0.46025852528056127,1.4573721271591522,9.603123570276976,-0.2579873070191927,-0.04740534503706928,0.40757772169403905,-50.0,nan,nan,nan,nan,nan,nan,nan,nan,0.0,0
5,87,0.3312648744323293,1.4336694551296452,9.806912426919475,-0.7329550212237887,-0.961313670894737,0.4094772246294913,-50.0,nan,nan,nan,nan,nan,nan,nan,nan,0.0,0
5,88,0.04413108723074999,1.0570765851445425,9.96732437973528,-0.08596399704225721,-0.31808851404387406,-0.6372740455073351,-50.0,nan,nan,nan,nan,nan,nan,nan,nan,0.0,0
5,89,0.001149089308742246,0.8980323303395041,9.648687361423054,0.7048597277312094,-0.8334193914798698,-0.06329966742917881,-50.0,nan,nan,nan,nan,nan,nan,nan,nan,0.0,0
5,90,0.32348751636278084,0.5169024612935607,9.619739878073648,0.18667796436661455,-0.7116722437018626,0.4570395656901376,-50.0,nan,nan,nan,nan,nan,nan,nan,nan,0.0,0
5,91,0.4168264974684541,0.16106634355089255,9.84825965828037,0.21147147266029398,0.870047395550007,0.05565515343588601,-50.0,nan,nan,nan,nan,nan,nan,nan,nan,0.0,0
5,92,0.5225622326199704,0.5960900364767096,9.87608723468812,-0.8087129207985593,-0.6135288316168517,0.7524556573294232,-50.0,nan,nan,nan,nan,nan,nan,nan,nan,0.0,0
5,93,0.20255256945608496,0.3533151905484774,10.0,-0.3666015527384836,0.3844954869059374,0.4841326210758963,-50.0,nan,nan,nan,nan,nan,nan,nan,nan,0.0,0
5,94,0.019251795637074548,0.5455629313267372,10.0,-0.7757065515313664,-0.060505261406474053,-0.919853606415193,-50.0,nan,nan,nan,nan,nan,nan,nan,nan,0.0,0
5,95,0.0,0.520452579519495,9.618250592901752,-0.6368426838374153,-0.9595598928723441,-0.6235467317135366,-50.0,nan,nan,nan,nan,nan,nan,nan,nan,0.0,0
5,96,0.0,0.15410525866343716,9.38018866858767,0.7780809963530089,0.19096896461904334,0.21479343460249423,-50.0,nan,nan,nan,nan,nan,nan,nan,nan,0.0,0
5,97,0.38904049348625724,0.24958973982180405,9.487585384594148,0.9063839473311412,-0.6632025719328509,0.14247140210919418,-50.0,nan,nan,nan,nan,nan,nan,nan,nan,0.0,0
5,98,0.789348706903177,0.0,9.55050846769736,0.6796069587349653,0.969500931753944,-0.26720550905519147,-50.0,nan,nan,nan,nan,nan,nan,nan,nan,0.0,0
5,99,1.0693096737635348,0.39938145826388133,9.440434384870496,-0.6001669810546961,-0.7337609170942307,-0.3634165363571309,-50.0,nan,nan,nan,nan,nan,nan,nan,nan,0.0,0
